dataset_row_id,source,campaign_id,template_id,segment_id,target_id,age_bracket,gender,education,clicked_flag,baseline_pred_clicked_flag,baseline_pred_probability
1082,synthetic,36,4,9,1071,25-34,F,Secundaria,0,1,0.6062965691693055
174,synthetic,6,1,4,163,18-24,F,Posgrado,0,1,0.5627508845796775
2360,synthetic,79,8,21,2349,35-44,M,Secundaria,0,0,0.37415403364203026
2351,synthetic,78,8,10,2340,25-34,F,Tecnica,0,1,0.689137718307322
1546,synthetic,52,6,29,1535,45-54,M,Secundaria,0,1,0.5045236720418544
158,synthetic,5,1,38,147,55+,M,Tecnica,0,0,0.48297394407387784
939,synthetic,31,4,3,928,18-24,F,Universitaria,0,0,0.46993382141978435
1659,synthetic,55,6,34,1648,55+,F,Tecnica,0,0,0.3728824873941997
1627,synthetic,54,6,31,1616,45-54,M,Universitaria,0,0,0.43573157273396207
754,synthetic,25,3,19,743,35-44,F,Universitaria,1,0,0.33176975334992687
21,synthetic,1,1,8,10,18-24,M,Posgrado,0,1,0.5037575453369451
1935,synthetic,65,7,9,1924,25-34,F,Secundaria,0,1,0.5708480080235914
1800,synthetic,60,6,29,1789,45-54,M,Secundaria,0,1,0.5045236720418544
1939,synthetic,65,7,9,1928,25-34,F,Secundaria,0,1,0.5708480080235914
1745,synthetic,58,6,5,1734,18-24,M,Secundaria,0,0,0.42382666466906355
1814,synthetic,61,7,36,1803,55+,F,Posgrado,0,0,0.2388671761734676
1755,synthetic,59,6,38,1744,55+,M,Tecnica,0,0,0.31926011012667294
599,synthetic,20,2,1,588,18-24,F,Secundaria,0,0,0.4857361085770838
2282,synthetic,76,8,39,2271,55+,M,Universitaria,0,0,0.2410915259592247
271,synthetic,9,1,16,260,25-34,M,Posgrado,0,1,0.5721461819698777
2107,synthetic,70,7,14,2096,25-34,M,Tecnica,0,1,0.5985960470168
40,synthetic,1,1,8,29,18-24,M,Posgrado,0,1,0.5037575453369451
917,synthetic,31,4,3,906,18-24,F,Universitaria,0,0,0.46993382141978435
1799,synthetic,60,6,29,1788,45-54,M,Secundaria,0,1,0.5045236720418544
421,synthetic,14,2,30,410,45-54,M,Tecnica,0,1,0.5944554349827691
1133,synthetic,38,4,12,1122,25-34,F,Posgrado,0,1,0.5162048819831176
996,synthetic,33,4,29,985,45-54,M,Secundaria,0,1,0.5607150477563597
683,synthetic,23,3,19,672,35-44,F,Universitaria,0,0,0.33176975334992687
1345,synthetic,45,5,31,1334,45-54,M,Universitaria,0,1,0.5509650151324413
1143,synthetic,38,4,12,1132,25-34,F,Posgrado,0,1,0.5162048819831176
558,synthetic,19,2,28,547,45-54,F,Posgrado,0,0,0.4753148377465076
1772,synthetic,59,6,38,1761,55+,M,Tecnica,0,0,0.31926011012667294
2056,synthetic,69,7,25,2045,45-54,F,Secundaria,0,1,0.5829532179711919
1955,synthetic,65,7,9,1944,25-34,F,Secundaria,0,1,0.5708480080235914
641,synthetic,21,3,18,630,35-44,F,Tecnica,0,0,0.48201217746666825
429,synthetic,14,2,30,418,45-54,M,Tecnica,0,1,0.5944554349827691
407,synthetic,14,2,30,396,45-54,M,Tecnica,1,1,0.5944554349827691
1229,synthetic,41,5,34,1218,55+,F,Tecnica,0,0,0.4858047080898414
953,synthetic,32,4,37,942,55+,M,Secundaria,0,0,0.2925947566211573
2145,synthetic,72,8,39,2134,55+,M,Universitaria,0,0,0.2410915259592247
1233,synthetic,41,5,34,1222,55+,F,Tecnica,0,0,0.4858047080898414
1944,synthetic,65,7,9,1933,25-34,F,Secundaria,0,1,0.5708480080235914
42,synthetic,2,1,3,31,18-24,F,Universitaria,0,1,0.5848375447419792
1074,synthetic,36,4,9,1063,25-34,F,Secundaria,0,1,0.6062965691693055
1307,synthetic,44,5,20,1296,35-44,F,Posgrado,0,0,0.3965964539427553
1519,synthetic,51,6,15,1508,25-34,M,Universitaria,0,0,0.42357848304329293
1633,synthetic,55,6,34,1622,55+,F,Tecnica,0,0,0.3728824873941997
667,synthetic,22,3,7,656,18-24,M,Universitaria,0,0,0.3795488534760203
2279,synthetic,76,8,39,2268,55+,M,Universitaria,0,0,0.2410915259592247
1019,synthetic,34,4,14,1008,25-34,M,Tecnica,0,1,0.6332252282042902
2188,synthetic,73,8,6,2177,18-24,M,Tecnica,0,1,0.5703318405451754
739,synthetic,25,3,19,728,35-44,F,Universitaria,0,0,0.33176975334992687
1587,synthetic,53,6,27,1576,45-54,F,Universitaria,0,0,0.4947001530640392
2196,synthetic,73,8,6,2185,18-24,M,Tecnica,0,1,0.5703318405451754
530,synthetic,18,2,29,519,45-54,M,Secundaria,0,1,0.5077005453523965
2155,synthetic,72,8,39,2144,55+,M,Universitaria,0,0,0.2410915259592247
2353,synthetic,79,8,21,2342,35-44,M,Secundaria,0,0,0.37415403364203026
799,synthetic,27,3,14,788,25-34,M,Tecnica,1,1,0.6016459921656894
2174,synthetic,73,8,6,2163,18-24,M,Tecnica,0,1,0.5703318405451754
1687,synthetic,56,6,29,1676,45-54,M,Secundaria,0,1,0.5045236720418544
932,synthetic,31,4,3,921,18-24,F,Universitaria,0,0,0.46993382141978435
929,synthetic,31,4,3,918,18-24,F,Universitaria,0,0,0.46993382141978435
488,synthetic,16,2,22,477,35-44,M,Tecnica,0,0,0.4040072425491289
867,synthetic,29,3,22,856,35-44,M,Tecnica,0,0,0.4232890639325734
1078,synthetic,36,4,9,1067,25-34,F,Secundaria,0,1,0.6062965691693055
840,synthetic,28,3,29,829,45-54,M,Secundaria,0,1,0.527550685218911
25,synthetic,1,1,8,14,18-24,M,Posgrado,0,1,0.5037575453369451
1603,synthetic,54,6,31,1592,45-54,M,Universitaria,0,0,0.43573157273396207
1890,synthetic,63,7,37,1879,55+,M,Secundaria,0,0,0.263224757628534
1021,synthetic,34,4,14,1010,25-34,M,Tecnica,0,1,0.6332252282042902
2257,synthetic,75,8,11,2246,25-34,F,Universitaria,0,1,0.541872180501034
2090,synthetic,70,7,14,2079,25-34,M,Tecnica,0,1,0.5985960470168
904,synthetic,30,3,2,893,18-24,F,Tecnica,0,1,0.5924370376931114
886,synthetic,30,3,2,875,18-24,F,Tecnica,0,1,0.5924370376931114
2303,synthetic,77,8,16,2292,25-34,M,Posgrado,0,0,0.46014676472651483
1472,synthetic,49,5,11,1461,25-34,F,Universitaria,0,1,0.5968307949375904
459,synthetic,15,2,5,448,18-24,M,Secundaria,0,0,0.42693324426299445
979,synthetic,33,4,29,968,45-54,M,Secundaria,0,1,0.5607150477563597
1232,synthetic,41,5,34,1221,55+,F,Tecnica,0,0,0.4858047080898414
2224,synthetic,74,8,1,2213,18-24,F,Secundaria,0,1,0.5421244860795618
784,synthetic,26,3,7,773,18-24,M,Universitaria,0,0,0.3795488534760203
1824,synthetic,61,7,36,1813,55+,F,Posgrado,0,0,0.2388671761734676
2393,synthetic,80,8,6,2382,18-24,M,Tecnica,0,1,0.5703318405451754
2182,synthetic,73,8,6,2171,18-24,M,Tecnica,0,1,0.5703318405451754
649,synthetic,22,3,7,638,18-24,M,Universitaria,0,0,0.3795488534760203
1588,synthetic,53,6,27,1577,45-54,F,Universitaria,0,0,0.4947001530640392
908,synthetic,30,3,2,897,18-24,F,Tecnica,0,1,0.5924370376931114
1142,synthetic,38,4,12,1131,25-34,F,Posgrado,0,1,0.5162048819831176
2099,synthetic,70,7,14,2088,25-34,M,Tecnica,0,1,0.5985960470168
32,synthetic,1,1,8,21,18-24,M,Posgrado,0,1,0.5037575453369451
852,synthetic,29,3,22,841,35-44,M,Tecnica,0,0,0.4232890639325734
1215,synthetic,41,5,34,1204,55+,F,Tecnica,0,0,0.4858047080898414
71,synthetic,2,1,3,60,18-24,F,Universitaria,0,1,0.5848375447419792
1621,synthetic,54,6,31,1610,45-54,M,Universitaria,0,0,0.43573157273396207
170,synthetic,6,1,4,159,18-24,F,Posgrado,1,1,0.5627508845796775
2318,synthetic,77,8,16,2307,25-34,M,Posgrado,0,0,0.46014676472651483
1097,synthetic,37,4,16,1086,25-34,M,Posgrado,0,0,0.45699123286027693
776,synthetic,26,3,7,765,18-24,M,Universitaria,0,0,0.3795488534760203
122,synthetic,4,1,35,111,55+,F,Universitaria,0,0,0.3872144665679072
137,synthetic,5,1,38,126,55+,M,Tecnica,0,0,0.48297394407387784
1535,synthetic,51,6,15,1524,25-34,M,Universitaria,0,0,0.42357848304329293
83,synthetic,3,1,35,72,55+,F,Universitaria,0,0,0.3872144665679072
793,synthetic,27,3,14,782,25-34,M,Tecnica,0,1,0.6016459921656894
1006,synthetic,34,4,14,995,25-34,M,Tecnica,0,1,0.6332252282042902
2160,synthetic,72,8,39,2149,55+,M,Universitaria,0,0,0.2410915259592247
1968,synthetic,66,7,37,1957,55+,M,Secundaria,0,0,0.263224757628534
504,synthetic,17,2,38,493,55+,M,Tecnica,0,0,0.32202861324969806
1156,synthetic,39,4,25,1145,45-54,F,Secundaria,0,1,0.6180708654816294
705,synthetic,24,3,1,694,18-24,F,Secundaria,0,1,0.5056094664592065
757,synthetic,25,3,19,746,35-44,F,Universitaria,0,0,0.33176975334992687
2358,synthetic,79,8,21,2347,35-44,M,Secundaria,0,0,0.37415403364203026
1962,synthetic,66,7,37,1951,55+,M,Secundaria,0,0,0.263224757628534
2304,synthetic,77,8,16,2293,25-34,M,Posgrado,0,0,0.46014676472651483
508,synthetic,17,2,38,497,55+,M,Tecnica,0,0,0.32202861324969806
700,synthetic,23,3,19,689,35-44,F,Universitaria,0,0,0.33176975334992687
1838,synthetic,61,7,36,1827,55+,F,Posgrado,0,0,0.2388671761734676
2249,synthetic,75,8,11,2238,25-34,F,Universitaria,0,1,0.541872180501034
1059,synthetic,35,4,19,1048,35-44,F,Universitaria,1,0,0.3620583321082111
1911,synthetic,64,7,30,1900,45-54,M,Tecnica,0,1,0.610452673385737
472,synthetic,16,2,22,461,35-44,M,Tecnica,0,0,0.4040072425491289
361,synthetic,12,2,8,350,18-24,M,Posgrado,0,0,0.3404468249681409
647,synthetic,22,3,7,636,18-24,M,Universitaria,0,0,0.3795488534760203
2045,synthetic,68,7,27,2034,45-54,F,Universitaria,0,1,0.5145732902943181
2203,synthetic,74,8,1,2192,18-24,F,Secundaria,0,1,0.5421244860795618
987,synthetic,33,4,29,976,45-54,M,Secundaria,0,1,0.5607150477563597
1373,synthetic,46,5,29,1362,45-54,M,Secundaria,0,1,0.6180239668644845
1694,synthetic,57,6,5,1683,18-24,M,Secundaria,0,0,0.42382666466906355
1077,synthetic,36,4,9,1066,25-34,F,Secundaria,0,1,0.6062965691693055
1060,synthetic,35,4,19,1049,35-44,F,Universitaria,0,0,0.3620583321082111
2286,synthetic,76,8,39,2275,55+,M,Universitaria,0,0,0.2410915259592247
522,synthetic,18,2,29,511,45-54,M,Secundaria,0,1,0.5077005453523965
1473,synthetic,49,5,11,1462,25-34,F,Universitaria,0,1,0.5968307949375904
653,synthetic,22,3,7,642,18-24,M,Universitaria,0,0,0.3795488534760203
988,synthetic,33,4,29,977,45-54,M,Secundaria,0,1,0.5607150477563597
1802,synthetic,60,6,29,1791,45-54,M,Secundaria,1,1,0.5045236720418544
1385,synthetic,46,5,29,1374,45-54,M,Secundaria,0,1,0.6180239668644845
313,synthetic,11,2,14,302,25-34,M,Tecnica,0,1,0.582444950359394
741,synthetic,25,3,19,730,35-44,F,Universitaria,0,0,0.33176975334992687
1670,synthetic,56,6,29,1659,45-54,M,Secundaria,1,1,0.5045236720418544
1677,synthetic,56,6,29,1666,45-54,M,Secundaria,1,1,0.5045236720418544
1713,synthetic,57,6,5,1702,18-24,M,Secundaria,0,0,0.42382666466906355
697,synthetic,23,3,19,686,35-44,F,Universitaria,0,0,0.33176975334992687
2322,synthetic,78,8,10,2311,25-34,F,Tecnica,0,1,0.689137718307322
538,synthetic,18,2,29,527,45-54,M,Secundaria,0,1,0.5077005453523965
1391,synthetic,46,5,29,1380,45-54,M,Secundaria,0,1,0.6180239668644845
1742,synthetic,58,6,5,1731,18-24,M,Secundaria,0,0,0.42382666466906355
1169,synthetic,39,4,25,1158,45-54,F,Secundaria,1,1,0.6180708654816294
1484,synthetic,50,5,35,1473,55+,F,Universitaria,0,0,0.3351450093122069
2337,synthetic,78,8,10,2326,25-34,F,Tecnica,0,1,0.689137718307322
2184,synthetic,73,8,6,2173,18-24,M,Tecnica,0,1,0.5703318405451754
1408,synthetic,47,5,12,1397,25-34,F,Posgrado,0,1,0.5749184240726525
1120,synthetic,37,4,16,1109,25-34,M,Posgrado,0,0,0.45699123286027693
895,synthetic,30,3,2,884,18-24,F,Tecnica,1,1,0.5924370376931114
322,synthetic,11,2,14,311,25-34,M,Tecnica,1,1,0.582444950359394
1376,synthetic,46,5,29,1365,45-54,M,Secundaria,0,1,0.6180239668644845
1639,synthetic,55,6,34,1628,55+,F,Tecnica,0,0,0.3728824873941997
212,synthetic,7,1,38,201,55+,M,Tecnica,0,0,0.48297394407387784
2350,synthetic,78,8,10,2339,25-34,F,Tecnica,0,1,0.689137718307322
1819,synthetic,61,7,36,1808,55+,F,Posgrado,0,0,0.2388671761734676
561,synthetic,19,2,28,550,45-54,F,Posgrado,0,0,0.4753148377465076
2384,synthetic,80,8,6,2373,18-24,M,Tecnica,0,1,0.5703318405451754
698,synthetic,23,3,19,687,35-44,F,Universitaria,0,0,0.33176975334992687
1930,synthetic,64,7,30,1919,45-54,M,Tecnica,0,1,0.610452673385737
1244,synthetic,42,5,14,1233,25-34,M,Tecnica,0,1,0.6863657259028538
1981,synthetic,66,7,37,1970,55+,M,Secundaria,0,0,0.263224757628534
1624,synthetic,54,6,31,1613,45-54,M,Universitaria,0,0,0.43573157273396207
1696,synthetic,57,6,5,1685,18-24,M,Secundaria,0,0,0.42382666466906355
1400,synthetic,47,5,12,1389,25-34,F,Posgrado,0,1,0.5749184240726525
303,synthetic,10,1,21,292,35-44,M,Secundaria,0,0,0.4839874878669335
1675,synthetic,56,6,29,1664,45-54,M,Secundaria,0,1,0.5045236720418544
1803,synthetic,60,6,29,1792,45-54,M,Secundaria,0,1,0.5045236720418544
778,synthetic,26,3,7,767,18-24,M,Universitaria,0,0,0.3795488534760203
701,synthetic,23,3,19,690,35-44,F,Universitaria,0,0,0.33176975334992687
233,synthetic,8,1,7,222,18-24,M,Universitaria,0,1,0.5263158376169196
1985,synthetic,66,7,37,1974,55+,M,Secundaria,0,0,0.263224757628534
1286,synthetic,43,5,7,1275,18-24,M,Universitaria,0,0,0.4698843342072722
2137,synthetic,71,8,22,2126,35-44,M,Tecnica,0,0,0.4593831109645533
1022,synthetic,34,4,14,1011,25-34,M,Tecnica,0,1,0.6332252282042902
1207,synthetic,40,4,12,1196,25-34,F,Posgrado,0,1,0.5162048819831176
1031,synthetic,34,4,14,1020,25-34,M,Tecnica,0,1,0.6332252282042902
1332,synthetic,45,5,31,1321,45-54,M,Universitaria,0,1,0.5509650151324413
2049,synthetic,68,7,27,2038,45-54,F,Universitaria,0,1,0.5145732902943181
2239,synthetic,75,8,11,2228,25-34,F,Universitaria,0,1,0.541872180501034
2219,synthetic,74,8,1,2208,18-24,F,Secundaria,0,1,0.5421244860795618
2093,synthetic,70,7,14,2082,25-34,M,Tecnica,0,1,0.5985960470168
1736,synthetic,58,6,5,1725,18-24,M,Secundaria,0,0,0.42382666466906355
1499,synthetic,50,5,35,1488,55+,F,Universitaria,0,0,0.3351450093122069
2064,synthetic,69,7,25,2053,45-54,F,Secundaria,1,1,0.5829532179711919
1921,synthetic,64,7,30,1910,45-54,M,Tecnica,0,1,0.610452673385737
2260,synthetic,75,8,11,2249,25-34,F,Universitaria,1,1,0.541872180501034
1908,synthetic,64,7,30,1897,45-54,M,Tecnica,0,1,0.610452673385737
1605,synthetic,54,6,31,1594,45-54,M,Universitaria,0,0,0.43573157273396207
1870,synthetic,62,7,16,1859,25-34,M,Posgrado,0,0,0.42093878883090646
521,synthetic,17,2,38,510,55+,M,Tecnica,0,0,0.32202861324969806
791,synthetic,26,3,7,780,18-24,M,Universitaria,0,0,0.3795488534760203
1327,synthetic,44,5,20,1316,35-44,F,Posgrado,0,0,0.3965964539427553
2130,synthetic,71,8,22,2119,35-44,M,Tecnica,0,0,0.4593831109645533
547,synthetic,18,2,29,536,45-54,M,Secundaria,0,1,0.5077005453523965
1175,synthetic,39,4,25,1164,45-54,F,Secundaria,0,1,0.6180708654816294
2371,synthetic,79,8,21,2360,35-44,M,Secundaria,0,0,0.37415403364203026
2392,synthetic,80,8,6,2381,18-24,M,Tecnica,0,1,0.5703318405451754
1964,synthetic,66,7,37,1953,55+,M,Secundaria,0,0,0.263224757628534
794,synthetic,27,3,14,783,25-34,M,Tecnica,0,1,0.6016459921656894
2173,synthetic,73,8,6,2162,18-24,M,Tecnica,0,1,0.5703318405451754
351,synthetic,12,2,8,340,18-24,M,Posgrado,0,0,0.3404468249681409
1634,synthetic,55,6,34,1623,55+,F,Tecnica,0,0,0.3728824873941997
1371,synthetic,46,5,29,1360,45-54,M,Secundaria,0,1,0.6180239668644845
222,synthetic,8,1,7,211,18-24,M,Universitaria,0,1,0.5263158376169196
1128,synthetic,38,4,12,1117,25-34,F,Posgrado,0,1,0.5162048819831176
628,synthetic,21,3,18,617,35-44,F,Tecnica,0,0,0.48201217746666825
1209,synthetic,40,4,12,1198,25-34,F,Posgrado,0,1,0.5162048819831176
1135,synthetic,38,4,12,1124,25-34,F,Posgrado,0,1,0.5162048819831176
1645,synthetic,55,6,34,1634,55+,F,Tecnica,0,0,0.3728824873941997
1644,synthetic,55,6,34,1633,55+,F,Tecnica,0,0,0.3728824873941997
636,synthetic,21,3,18,625,35-44,F,Tecnica,0,0,0.48201217746666825
1748,synthetic,58,6,5,1737,18-24,M,Secundaria,0,0,0.42382666466906355
2015,synthetic,67,7,12,2004,25-34,F,Posgrado,0,0,0.4796070027421895
1301,synthetic,43,5,7,1290,18-24,M,Universitaria,0,0,0.4698843342072722
1150,synthetic,38,4,12,1139,25-34,F,Posgrado,0,1,0.5162048819831176
1792,synthetic,60,6,29,1781,45-54,M,Secundaria,0,1,0.5045236720418544
1445,synthetic,48,5,1,1434,18-24,F,Secundaria,0,1,0.59707533929767
845,synthetic,28,3,29,834,45-54,M,Secundaria,0,1,0.527550685218911
206,synthetic,7,1,38,195,55+,M,Tecnica,0,0,0.48297394407387784
970,synthetic,32,4,37,959,55+,M,Secundaria,0,0,0.2925947566211573
2361,synthetic,79,8,21,2350,35-44,M,Secundaria,0,0,0.37415403364203026
2200,synthetic,73,8,6,2189,18-24,M,Tecnica,0,1,0.5703318405451754
127,synthetic,4,1,35,116,55+,F,Universitaria,0,0,0.3872144665679072
1204,synthetic,40,4,12,1193,25-34,F,Posgrado,0,1,0.5162048819831176
1500,synthetic,50,5,35,1489,55+,F,Universitaria,0,0,0.3351450093122069
1284,synthetic,43,5,7,1273,18-24,M,Universitaria,0,0,0.4698843342072722
1293,synthetic,43,5,7,1282,18-24,M,Universitaria,0,0,0.4698843342072722
730,synthetic,24,3,1,719,18-24,F,Secundaria,0,1,0.5056094664592065
1553,synthetic,52,6,29,1542,45-54,M,Secundaria,0,1,0.5045236720418544
1541,synthetic,51,6,15,1530,25-34,M,Universitaria,0,0,0.42357848304329293
1039,synthetic,35,4,19,1028,35-44,F,Universitaria,0,0,0.3620583321082111
881,synthetic,29,3,22,870,35-44,M,Tecnica,0,0,0.4232890639325734
304,synthetic,10,1,21,293,35-44,M,Secundaria,0,0,0.4839874878669335
1389,synthetic,46,5,29,1378,45-54,M,Secundaria,0,1,0.6180239668644845
26,synthetic,1,1,8,15,18-24,M,Posgrado,1,1,0.5037575453369451
1054,synthetic,35,4,19,1043,35-44,F,Universitaria,0,0,0.3620583321082111
728,synthetic,24,3,1,717,18-24,F,Secundaria,0,1,0.5056094664592065
2362,synthetic,79,8,21,2351,35-44,M,Secundaria,0,0,0.37415403364203026
2290,synthetic,76,8,39,2279,55+,M,Universitaria,0,0,0.2410915259592247
1447,synthetic,48,5,1,1436,18-24,F,Secundaria,0,1,0.59707533929767
1168,synthetic,39,4,25,1157,45-54,F,Secundaria,0,1,0.6180708654816294
942,synthetic,32,4,37,931,55+,M,Secundaria,0,0,0.2925947566211573
1808,synthetic,60,6,29,1797,45-54,M,Secundaria,0,1,0.5045236720418544
1969,synthetic,66,7,37,1958,55+,M,Secundaria,0,0,0.263224757628534
263,synthetic,9,1,16,252,25-34,M,Posgrado,0,1,0.5721461819698777
1423,synthetic,48,5,1,1412,18-24,F,Secundaria,0,1,0.59707533929767
116,synthetic,4,1,35,105,55+,F,Universitaria,0,0,0.3872144665679072
1612,synthetic,54,6,31,1601,45-54,M,Universitaria,0,0,0.43573157273396207
1300,synthetic,43,5,7,1289,18-24,M,Universitaria,0,0,0.4698843342072722
175,synthetic,6,1,4,164,18-24,F,Posgrado,0,1,0.5627508845796775
1625,synthetic,54,6,31,1614,45-54,M,Universitaria,0,0,0.43573157273396207
1927,synthetic,64,7,30,1916,45-54,M,Tecnica,1,1,0.610452673385737
1997,synthetic,67,7,12,1986,25-34,F,Posgrado,0,0,0.4796070027421895
246,synthetic,8,1,7,235,18-24,M,Universitaria,0,1,0.5263158376169196
443,synthetic,15,2,5,432,18-24,M,Secundaria,0,0,0.42693324426299445
1230,synthetic,41,5,34,1219,55+,F,Tecnica,0,0,0.4858047080898414
772,synthetic,26,3,7,761,18-24,M,Universitaria,0,0,0.3795488534760203
67,synthetic,2,1,3,56,18-24,F,Universitaria,0,1,0.5848375447419792
2020,synthetic,67,7,12,2009,25-34,F,Posgrado,0,0,0.4796070027421895
216,synthetic,7,1,38,205,55+,M,Tecnica,0,0,0.48297394407387784
520,synthetic,17,2,38,509,55+,M,Tecnica,0,0,0.32202861324969806
955,synthetic,32,4,37,944,55+,M,Secundaria,0,0,0.2925947566211573
1698,synthetic,57,6,5,1687,18-24,M,Secundaria,0,0,0.42382666466906355
15,synthetic,1,1,8,4,18-24,M,Posgrado,0,1,0.5037575453369451
834,synthetic,28,3,29,823,45-54,M,Secundaria,0,1,0.527550685218911
524,synthetic,18,2,29,513,45-54,M,Secundaria,0,1,0.5077005453523965
166,synthetic,6,1,4,155,18-24,F,Posgrado,0,1,0.5627508845796775
1037,synthetic,35,4,19,1026,35-44,F,Universitaria,0,0,0.3620583321082111
483,synthetic,16,2,22,472,35-44,M,Tecnica,0,0,0.4040072425491289
2347,synthetic,78,8,10,2336,25-34,F,Tecnica,0,1,0.689137718307322
2262,synthetic,76,8,39,2251,55+,M,Universitaria,0,0,0.2410915259592247
2403,synthetic,80,8,6,2392,18-24,M,Tecnica,0,1,0.5703318405451754
578,synthetic,19,2,28,567,45-54,F,Posgrado,1,0,0.4753148377465076
1116,synthetic,37,4,16,1105,25-34,M,Posgrado,1,0,0.45699123286027693
1234,synthetic,41,5,34,1223,55+,F,Tecnica,0,0,0.4858047080898414
34,synthetic,1,1,8,23,18-24,M,Posgrado,0,1,0.5037575453369451
2400,synthetic,80,8,6,2389,18-24,M,Tecnica,0,1,0.5703318405451754
1477,synthetic,49,5,11,1466,25-34,F,Universitaria,0,1,0.5968307949375904
2088,synthetic,70,7,14,2077,25-34,M,Tecnica,0,1,0.5985960470168
2008,synthetic,67,7,12,1997,25-34,F,Posgrado,0,0,0.4796070027421895
1347,synthetic,45,5,31,1336,45-54,M,Universitaria,0,1,0.5509650151324413
1548,synthetic,52,6,29,1537,45-54,M,Secundaria,0,1,0.5045236720418544
356,synthetic,12,2,8,345,18-24,M,Posgrado,0,0,0.3404468249681409
1600,synthetic,53,6,27,1589,45-54,F,Universitaria,0,0,0.4947001530640392
2312,synthetic,77,8,16,2301,25-34,M,Posgrado,0,0,0.46014676472651483
41,synthetic,1,1,8,30,18-24,M,Posgrado,0,1,0.5037575453369451
1273,synthetic,43,5,7,1262,18-24,M,Universitaria,0,0,0.4698843342072722
877,synthetic,29,3,22,866,35-44,M,Tecnica,0,0,0.4232890639325734
880,synthetic,29,3,22,869,35-44,M,Tecnica,0,0,0.4232890639325734
438,synthetic,15,2,5,427,18-24,M,Secundaria,0,0,0.42693324426299445
1018,synthetic,34,4,14,1007,25-34,M,Tecnica,0,1,0.6332252282042902
501,synthetic,17,2,38,490,55+,M,Tecnica,0,0,0.32202861324969806
627,synthetic,21,3,18,616,35-44,F,Tecnica,0,0,0.48201217746666825
2031,synthetic,68,7,27,2020,45-54,F,Universitaria,0,1,0.5145732902943181
2003,synthetic,67,7,12,1992,25-34,F,Posgrado,1,0,0.4796070027421895
5,observed,1,1,1,3,18-24,unknown,Universitaria,1,1,0.8471423044634049
409,synthetic,14,2,30,398,45-54,M,Tecnica,0,1,0.5944554349827691
98,synthetic,3,1,35,87,55+,F,Universitaria,0,0,0.3872144665679072
167,synthetic,6,1,4,156,18-24,F,Posgrado,0,1,0.5627508845796775
817,synthetic,27,3,14,806,25-34,M,Tecnica,0,1,0.6016459921656894
77,synthetic,3,1,35,66,55+,F,Universitaria,1,0,0.3872144665679072
1845,synthetic,62,7,16,1834,25-34,M,Posgrado,0,0,0.42093878883090646
2066,synthetic,69,7,25,2055,45-54,F,Secundaria,0,1,0.5829532179711919
298,synthetic,10,1,21,287,35-44,M,Secundaria,0,0,0.4839874878669335
1402,synthetic,47,5,12,1391,25-34,F,Posgrado,0,1,0.5749184240726525
484,synthetic,16,2,22,473,35-44,M,Tecnica,0,0,0.4040072425491289
669,synthetic,22,3,7,658,18-24,M,Universitaria,0,0,0.3795488534760203
444,synthetic,15,2,5,433,18-24,M,Secundaria,0,0,0.42693324426299445
621,synthetic,21,3,18,610,35-44,F,Tecnica,0,0,0.48201217746666825
1388,synthetic,46,5,29,1377,45-54,M,Secundaria,0,1,0.6180239668644845
1394,synthetic,47,5,12,1383,25-34,F,Posgrado,0,1,0.5749184240726525
2100,synthetic,70,7,14,2089,25-34,M,Tecnica,1,1,0.5985960470168
1511,synthetic,50,5,35,1500,55+,F,Universitaria,0,0,0.3351450093122069
752,synthetic,25,3,19,741,35-44,F,Universitaria,0,0,0.33176975334992687
1697,synthetic,57,6,5,1686,18-24,M,Secundaria,0,0,0.42382666466906355
1250,synthetic,42,5,14,1239,25-34,M,Tecnica,1,1,0.6863657259028538
1573,synthetic,53,6,27,1562,45-54,F,Universitaria,0,0,0.4947001530640392
359,synthetic,12,2,8,348,18-24,M,Posgrado,0,0,0.3404468249681409
2255,synthetic,75,8,11,2244,25-34,F,Universitaria,0,1,0.541872180501034
131,synthetic,4,1,35,120,55+,F,Universitaria,0,0,0.3872144665679072
645,synthetic,22,3,7,634,18-24,M,Universitaria,0,0,0.3795488534760203
400,synthetic,13,2,38,389,55+,M,Tecnica,0,0,0.32202861324969806
1033,synthetic,35,4,19,1022,35-44,F,Universitaria,0,0,0.3620583321082111
2365,synthetic,79,8,21,2354,35-44,M,Secundaria,0,0,0.37415403364203026
1561,synthetic,52,6,29,1550,45-54,M,Secundaria,0,1,0.5045236720418544
288,synthetic,10,1,21,277,35-44,M,Secundaria,0,0,0.4839874878669335
299,synthetic,10,1,21,288,35-44,M,Secundaria,0,0,0.4839874878669335
825,synthetic,28,3,29,814,45-54,M,Secundaria,0,1,0.527550685218911
1750,synthetic,58,6,5,1739,18-24,M,Secundaria,0,0,0.42382666466906355
1595,synthetic,53,6,27,1584,45-54,F,Universitaria,0,0,0.4947001530640392
549,synthetic,18,2,29,538,45-54,M,Secundaria,0,1,0.5077005453523965
1265,synthetic,42,5,14,1254,25-34,M,Tecnica,0,1,0.6863657259028538
2326,synthetic,78,8,10,2315,25-34,F,Tecnica,0,1,0.689137718307322
690,synthetic,23,3,19,679,35-44,F,Universitaria,0,0,0.33176975334992687
1171,synthetic,39,4,25,1160,45-54,F,Secundaria,0,1,0.6180708654816294
500,synthetic,17,2,38,489,55+,M,Tecnica,0,0,0.32202861324969806
1636,synthetic,55,6,34,1625,55+,F,Tecnica,0,0,0.3728824873941997
1874,synthetic,63,7,37,1863,55+,M,Secundaria,0,0,0.263224757628534
334,synthetic,11,2,14,323,25-34,M,Tecnica,0,1,0.582444950359394
27,synthetic,1,1,8,16,18-24,M,Posgrado,0,1,0.5037575453369451
841,synthetic,28,3,29,830,45-54,M,Secundaria,0,1,0.527550685218911
602,synthetic,20,2,1,591,18-24,F,Secundaria,0,0,0.4857361085770838
1916,synthetic,64,7,30,1905,45-54,M,Tecnica,0,1,0.610452673385737
2152,synthetic,72,8,39,2141,55+,M,Universitaria,0,0,0.2410915259592247
1543,synthetic,52,6,29,1532,45-54,M,Secundaria,0,1,0.5045236720418544
191,synthetic,6,1,4,180,18-24,F,Posgrado,0,1,0.5627508845796775
1235,synthetic,41,5,34,1224,55+,F,Tecnica,0,0,0.4858047080898414
183,synthetic,6,1,4,172,18-24,F,Posgrado,0,1,0.5627508845796775
494,synthetic,17,2,38,483,55+,M,Tecnica,1,0,0.32202861324969806
1705,synthetic,57,6,5,1694,18-24,M,Secundaria,0,0,0.42382666466906355
205,synthetic,7,1,38,194,55+,M,Tecnica,0,0,0.48297394407387784
812,synthetic,27,3,14,801,25-34,M,Tecnica,0,1,0.6016459921656894
195,synthetic,7,1,38,184,55+,M,Tecnica,0,0,0.48297394407387784
961,synthetic,32,4,37,950,55+,M,Secundaria,0,0,0.2925947566211573
844,synthetic,28,3,29,833,45-54,M,Secundaria,0,1,0.527550685218911
681,synthetic,23,3,19,670,35-44,F,Universitaria,0,0,0.33176975334992687
321,synthetic,11,2,14,310,25-34,M,Tecnica,0,1,0.582444950359394
883,synthetic,30,3,2,872,18-24,F,Tecnica,0,1,0.5924370376931114
144,synthetic,5,1,38,133,55+,M,Tecnica,1,0,0.48297394407387784
1577,synthetic,53,6,27,1566,45-54,F,Universitaria,0,0,0.4947001530640392
2125,synthetic,71,8,22,2114,35-44,M,Tecnica,0,0,0.4593831109645533
723,synthetic,24,3,1,712,18-24,F,Secundaria,0,1,0.5056094664592065
1106,synthetic,37,4,16,1095,25-34,M,Posgrado,1,0,0.45699123286027693
937,synthetic,31,4,3,926,18-24,F,Universitaria,0,0,0.46993382141978435
2346,synthetic,78,8,10,2335,25-34,F,Tecnica,0,1,0.689137718307322
1218,synthetic,41,5,34,1207,55+,F,Tecnica,0,0,0.4858047080898414
111,synthetic,4,1,35,100,55+,F,Universitaria,0,0,0.3872144665679072
52,synthetic,2,1,3,41,18-24,F,Universitaria,0,1,0.5848375447419792
1849,synthetic,62,7,16,1838,25-34,M,Posgrado,0,0,0.42093878883090646
1913,synthetic,64,7,30,1902,45-54,M,Tecnica,0,1,0.610452673385737
2247,synthetic,75,8,11,2236,25-34,F,Universitaria,0,1,0.541872180501034
497,synthetic,17,2,38,486,55+,M,Tecnica,0,0,0.32202861324969806
1042,synthetic,35,4,19,1031,35-44,F,Universitaria,0,0,0.3620583321082111
694,synthetic,23,3,19,683,35-44,F,Universitaria,0,0,0.33176975334992687
281,synthetic,9,1,16,270,25-34,M,Posgrado,0,1,0.5721461819698777
927,synthetic,31,4,3,916,18-24,F,Universitaria,0,0,0.46993382141978435
2109,synthetic,70,7,14,2098,25-34,M,Tecnica,0,1,0.5985960470168
1609,synthetic,54,6,31,1598,45-54,M,Universitaria,0,0,0.43573157273396207
1974,synthetic,66,7,37,1963,55+,M,Secundaria,0,0,0.263224757628534
2374,synthetic,79,8,21,2363,35-44,M,Secundaria,1,0,0.37415403364203026
232,synthetic,8,1,7,221,18-24,M,Universitaria,0,1,0.5263158376169196
1177,synthetic,39,4,25,1166,45-54,F,Secundaria,0,1,0.6180708654816294
875,synthetic,29,3,22,864,35-44,M,Tecnica,0,0,0.4232890639325734
891,synthetic,30,3,2,880,18-24,F,Tecnica,0,1,0.5924370376931114
2302,synthetic,77,8,16,2291,25-34,M,Posgrado,0,0,0.46014676472651483
1291,synthetic,43,5,7,1280,18-24,M,Universitaria,0,0,0.4698843342072722
56,synthetic,2,1,3,45,18-24,F,Universitaria,0,1,0.5848375447419792
1918,synthetic,64,7,30,1907,45-54,M,Tecnica,1,1,0.610452673385737
2385,synthetic,80,8,6,2374,18-24,M,Tecnica,0,1,0.5703318405451754
1506,synthetic,50,5,35,1495,55+,F,Universitaria,1,0,0.3351450093122069
936,synthetic,31,4,3,925,18-24,F,Universitaria,0,0,0.46993382141978435
782,synthetic,26,3,7,771,18-24,M,Universitaria,0,0,0.3795488534760203
1220,synthetic,41,5,34,1209,55+,F,Tecnica,0,0,0.4858047080898414
378,synthetic,13,2,38,367,55+,M,Tecnica,0,0,0.32202861324969806
1891,synthetic,63,7,37,1880,55+,M,Secundaria,0,0,0.263224757628534
810,synthetic,27,3,14,799,25-34,M,Tecnica,0,1,0.6016459921656894
2344,synthetic,78,8,10,2333,25-34,F,Tecnica,0,1,0.689137718307322
2332,synthetic,78,8,10,2321,25-34,F,Tecnica,0,1,0.689137718307322
1520,synthetic,51,6,15,1509,25-34,M,Universitaria,0,0,0.42357848304329293
1761,synthetic,59,6,38,1750,55+,M,Tecnica,0,0,0.31926011012667294
422,synthetic,14,2,30,411,45-54,M,Tecnica,0,1,0.5944554349827691
1820,synthetic,61,7,36,1809,55+,F,Posgrado,0,0,0.2388671761734676
2054,synthetic,69,7,25,2043,45-54,F,Secundaria,0,1,0.5829532179711919
1834,synthetic,61,7,36,1823,55+,F,Posgrado,0,0,0.2388671761734676
695,synthetic,23,3,19,684,35-44,F,Universitaria,0,0,0.33176975334992687
848,synthetic,28,3,29,837,45-54,M,Secundaria,0,1,0.527550685218911
2383,synthetic,80,8,6,2372,18-24,M,Tecnica,0,1,0.5703318405451754
1350,synthetic,45,5,31,1339,45-54,M,Universitaria,0,1,0.5509650151324413
2025,synthetic,68,7,27,2014,45-54,F,Universitaria,0,1,0.5145732902943181
2296,synthetic,77,8,16,2285,25-34,M,Posgrado,0,0,0.46014676472651483
1776,synthetic,59,6,38,1765,55+,M,Tecnica,0,0,0.31926011012667294
1801,synthetic,60,6,29,1790,45-54,M,Secundaria,0,1,0.5045236720418544
1653,synthetic,55,6,34,1642,55+,F,Tecnica,0,0,0.3728824873941997
1512,synthetic,51,6,15,1501,25-34,M,Universitaria,0,0,0.42357848304329293
1647,synthetic,55,6,34,1636,55+,F,Tecnica,0,0,0.3728824873941997
2336,synthetic,78,8,10,2325,25-34,F,Tecnica,0,1,0.689137718307322
1469,synthetic,49,5,11,1458,25-34,F,Universitaria,0,1,0.5968307949375904
732,synthetic,25,3,19,721,35-44,F,Universitaria,0,0,0.33176975334992687
1878,synthetic,63,7,37,1867,55+,M,Secundaria,0,0,0.263224757628534
1925,synthetic,64,7,30,1914,45-54,M,Tecnica,0,1,0.610452673385737
1822,synthetic,61,7,36,1811,55+,F,Posgrado,0,0,0.2388671761734676
1422,synthetic,48,5,1,1411,18-24,F,Secundaria,0,1,0.59707533929767
733,synthetic,25,3,19,722,35-44,F,Universitaria,0,0,0.33176975334992687
807,synthetic,27,3,14,796,25-34,M,Tecnica,0,1,0.6016459921656894
911,synthetic,30,3,2,900,18-24,F,Tecnica,0,1,0.5924370376931114
496,synthetic,17,2,38,485,55+,M,Tecnica,1,0,0.32202861324969806
1173,synthetic,39,4,25,1162,45-54,F,Secundaria,0,1,0.6180708654816294
1269,synthetic,42,5,14,1258,25-34,M,Tecnica,0,1,0.6863657259028538
473,synthetic,16,2,22,462,35-44,M,Tecnica,0,0,0.4040072425491289
2024,synthetic,68,7,27,2013,45-54,F,Universitaria,0,1,0.5145732902943181
414,synthetic,14,2,30,403,45-54,M,Tecnica,0,1,0.5944554349827691
1201,synthetic,40,4,12,1190,25-34,F,Posgrado,0,1,0.5162048819831176
745,synthetic,25,3,19,734,35-44,F,Universitaria,0,0,0.33176975334992687
1777,synthetic,59,6,38,1766,55+,M,Tecnica,0,0,0.31926011012667294
1061,synthetic,35,4,19,1050,35-44,F,Universitaria,0,0,0.3620583321082111
1988,synthetic,66,7,37,1977,55+,M,Secundaria,0,0,0.263224757628534
1490,synthetic,50,5,35,1479,55+,F,Universitaria,0,0,0.3351450093122069
614,synthetic,21,3,18,603,35-44,F,Tecnica,0,0,0.48201217746666825
262,synthetic,9,1,16,251,25-34,M,Posgrado,0,1,0.5721461819698777
2005,synthetic,67,7,12,1994,25-34,F,Posgrado,0,0,0.4796070027421895
2377,synthetic,79,8,21,2366,35-44,M,Secundaria,0,0,0.37415403364203026
995,synthetic,33,4,29,984,45-54,M,Secundaria,0,1,0.5607150477563597
1228,synthetic,41,5,34,1217,55+,F,Tecnica,0,0,0.4858047080898414
726,synthetic,24,3,1,715,18-24,F,Secundaria,0,1,0.5056094664592065
540,synthetic,18,2,29,529,45-54,M,Secundaria,1,1,0.5077005453523965
1738,synthetic,58,6,5,1727,18-24,M,Secundaria,0,0,0.42382666466906355
2118,synthetic,71,8,22,2107,35-44,M,Tecnica,0,0,0.4593831109645533
1821,synthetic,61,7,36,1810,55+,F,Posgrado,0,0,0.2388671761734676
2405,synthetic,80,8,6,2394,18-24,M,Tecnica,0,1,0.5703318405451754
485,synthetic,16,2,22,474,35-44,M,Tecnica,0,0,0.4040072425491289
282,synthetic,10,1,21,271,35-44,M,Secundaria,0,0,0.4839874878669335
943,synthetic,32,4,37,932,55+,M,Secundaria,0,0,0.2925947566211573
1678,synthetic,56,6,29,1667,45-54,M,Secundaria,0,1,0.5045236720418544
2352,synthetic,79,8,21,2341,35-44,M,Secundaria,0,0,0.37415403364203026
1083,synthetic,36,4,9,1072,25-34,F,Secundaria,0,1,0.6062965691693055
2366,synthetic,79,8,21,2355,35-44,M,Secundaria,0,0,0.37415403364203026
325,synthetic,11,2,14,314,25-34,M,Tecnica,0,1,0.582444950359394
603,synthetic,20,2,1,592,18-24,F,Secundaria,0,0,0.4857361085770838
1088,synthetic,36,4,9,1077,25-34,F,Secundaria,0,1,0.6062965691693055
1425,synthetic,48,5,1,1414,18-24,F,Secundaria,0,1,0.59707533929767
971,synthetic,32,4,37,960,55+,M,Secundaria,0,0,0.2925947566211573
470,synthetic,16,2,22,459,35-44,M,Tecnica,0,0,0.4040072425491289
823,synthetic,28,3,29,812,45-54,M,Secundaria,0,1,0.527550685218911
923,synthetic,31,4,3,912,18-24,F,Universitaria,0,0,0.46993382141978435
465,synthetic,16,2,22,454,35-44,M,Tecnica,0,0,0.4040072425491289
8,observed,3,4,1,3,18-24,unknown,Universitaria,0,1,0.8136164626436265
525,synthetic,18,2,29,514,45-54,M,Secundaria,0,1,0.5077005453523965
1775,synthetic,59,6,38,1764,55+,M,Tecnica,0,0,0.31926011012667294
1316,synthetic,44,5,20,1305,35-44,F,Posgrado,0,0,0.3965964539427553
1015,synthetic,34,4,14,1004,25-34,M,Tecnica,0,1,0.6332252282042902
1275,synthetic,43,5,7,1264,18-24,M,Universitaria,0,0,0.4698843342072722
1942,synthetic,65,7,9,1931,25-34,F,Secundaria,1,1,0.5708480080235914
2234,synthetic,75,8,11,2223,25-34,F,Universitaria,1,1,0.541872180501034
1463,synthetic,49,5,11,1452,25-34,F,Universitaria,0,1,0.5968307949375904
507,synthetic,17,2,38,496,55+,M,Tecnica,1,0,0.32202861324969806
1303,synthetic,44,5,20,1292,35-44,F,Posgrado,0,0,0.3965964539427553
1449,synthetic,48,5,1,1438,18-24,F,Secundaria,0,1,0.59707533929767
1158,synthetic,39,4,25,1147,45-54,F,Secundaria,0,1,0.6180708654816294
1902,synthetic,64,7,30,1891,45-54,M,Tecnica,0,1,0.610452673385737
1488,synthetic,50,5,35,1477,55+,F,Universitaria,0,0,0.3351450093122069
1741,synthetic,58,6,5,1730,18-24,M,Secundaria,0,0,0.42382666466906355
533,synthetic,18,2,29,522,45-54,M,Secundaria,0,1,0.5077005453523965
605,synthetic,20,2,1,594,18-24,F,Secundaria,0,0,0.4857361085770838
1017,synthetic,34,4,14,1006,25-34,M,Tecnica,0,1,0.6332252282042902
2225,synthetic,74,8,1,2214,18-24,F,Secundaria,0,1,0.5421244860795618
433,synthetic,15,2,5,422,18-24,M,Secundaria,0,0,0.42693324426299445
1,observed,2,1,1,2,18-24,unknown,Universitaria,0,1,0.8471423044634049
2171,synthetic,72,8,39,2160,55+,M,Universitaria,0,0,0.2410915259592247
20,synthetic,1,1,8,9,18-24,M,Posgrado,0,1,0.5037575453369451
1640,synthetic,55,6,34,1629,55+,F,Tecnica,0,0,0.3728824873941997
1109,synthetic,37,4,16,1098,25-34,M,Posgrado,0,0,0.45699123286027693
1936,synthetic,65,7,9,1925,25-34,F,Secundaria,0,1,0.5708480080235914
1938,synthetic,65,7,9,1927,25-34,F,Secundaria,0,1,0.5708480080235914
1679,synthetic,56,6,29,1668,45-54,M,Secundaria,0,1,0.5045236720418544
1602,synthetic,54,6,31,1591,45-54,M,Universitaria,0,0,0.43573157273396207
1034,synthetic,35,4,19,1023,35-44,F,Universitaria,0,0,0.3620583321082111
920,synthetic,31,4,3,909,18-24,F,Universitaria,0,0,0.46993382141978435
1282,synthetic,43,5,7,1271,18-24,M,Universitaria,0,0,0.4698843342072722
704,synthetic,24,3,1,693,18-24,F,Secundaria,0,1,0.5056094664592065
727,synthetic,24,3,1,716,18-24,F,Secundaria,0,1,0.5056094664592065
2410,synthetic,80,8,6,2399,18-24,M,Tecnica,0,1,0.5703318405451754
1270,synthetic,42,5,14,1259,25-34,M,Tecnica,0,1,0.6863657259028538
1710,synthetic,57,6,5,1699,18-24,M,Secundaria,0,0,0.42382666466906355
1972,synthetic,66,7,37,1961,55+,M,Secundaria,0,0,0.263224757628534
1582,synthetic,53,6,27,1571,45-54,F,Universitaria,0,0,0.4947001530640392
1407,synthetic,47,5,12,1396,25-34,F,Posgrado,0,1,0.5749184240726525
1193,synthetic,40,4,12,1182,25-34,F,Posgrado,0,1,0.5162048819831176
2193,synthetic,73,8,6,2182,18-24,M,Tecnica,0,1,0.5703318405451754
1367,synthetic,46,5,29,1356,45-54,M,Secundaria,0,1,0.6180239668644845
1278,synthetic,43,5,7,1267,18-24,M,Universitaria,0,0,0.4698843342072722
2411,synthetic,80,8,6,2400,18-24,M,Tecnica,1,1,0.5703318405451754
2192,synthetic,73,8,6,2181,18-24,M,Tecnica,0,1,0.5703318405451754
1187,synthetic,40,4,12,1176,25-34,F,Posgrado,0,1,0.5162048819831176
1537,synthetic,51,6,15,1526,25-34,M,Universitaria,0,0,0.42357848304329293
2378,synthetic,79,8,21,2367,35-44,M,Secundaria,0,0,0.37415403364203026
1251,synthetic,42,5,14,1240,25-34,M,Tecnica,0,1,0.6863657259028538
2037,synthetic,68,7,27,2026,45-54,F,Universitaria,0,1,0.5145732902943181
978,synthetic,33,4,29,967,45-54,M,Secundaria,0,1,0.5607150477563597
1302,synthetic,44,5,20,1291,35-44,F,Posgrado,0,0,0.3965964539427553
699,synthetic,23,3,19,688,35-44,F,Universitaria,0,0,0.33176975334992687
1068,synthetic,36,4,9,1057,25-34,F,Secundaria,0,1,0.6062965691693055
1306,synthetic,44,5,20,1295,35-44,F,Posgrado,0,0,0.3965964539427553
391,synthetic,13,2,38,380,55+,M,Tecnica,0,0,0.32202861324969806
44,synthetic,2,1,3,33,18-24,F,Universitaria,0,1,0.5848375447419792
1885,synthetic,63,7,37,1874,55+,M,Secundaria,0,0,0.263224757628534
746,synthetic,25,3,19,735,35-44,F,Universitaria,0,0,0.33176975334992687
505,synthetic,17,2,38,494,55+,M,Tecnica,0,0,0.32202861324969806
1138,synthetic,38,4,12,1127,25-34,F,Posgrado,0,1,0.5162048819831176
2072,synthetic,69,7,25,2061,45-54,F,Secundaria,0,1,0.5829532179711919
1366,synthetic,46,5,29,1355,45-54,M,Secundaria,1,1,0.6180239668644845
1585,synthetic,53,6,27,1574,45-54,F,Universitaria,0,0,0.4947001530640392
1813,synthetic,61,7,36,1802,55+,F,Posgrado,0,0,0.2388671761734676
2395,synthetic,80,8,6,2384,18-24,M,Tecnica,0,1,0.5703318405451754
1197,synthetic,40,4,12,1186,25-34,F,Posgrado,0,1,0.5162048819831176
201,synthetic,7,1,38,190,55+,M,Tecnica,0,0,0.48297394407387784
2197,synthetic,73,8,6,2186,18-24,M,Tecnica,0,1,0.5703318405451754
141,synthetic,5,1,38,130,55+,M,Tecnica,0,0,0.48297394407387784
1827,synthetic,61,7,36,1816,55+,F,Posgrado,1,0,0.2388671761734676
770,synthetic,26,3,7,759,18-24,M,Universitaria,0,0,0.3795488534760203
574,synthetic,19,2,28,563,45-54,F,Posgrado,0,0,0.4753148377465076
2191,synthetic,73,8,6,2180,18-24,M,Tecnica,0,1,0.5703318405451754
221,synthetic,7,1,38,210,55+,M,Tecnica,1,0,0.48297394407387784
358,synthetic,12,2,8,347,18-24,M,Posgrado,0,0,0.3404468249681409
1828,synthetic,61,7,36,1817,55+,F,Posgrado,0,0,0.2388671761734676
1151,synthetic,38,4,12,1140,25-34,F,Posgrado,0,1,0.5162048819831176
585,synthetic,20,2,1,574,18-24,F,Secundaria,0,0,0.4857361085770838
1023,synthetic,34,4,14,1012,25-34,M,Tecnica,0,1,0.6332252282042902
688,synthetic,23,3,19,677,35-44,F,Universitaria,0,0,0.33176975334992687
536,synthetic,18,2,29,525,45-54,M,Secundaria,0,1,0.5077005453523965
420,synthetic,14,2,30,409,45-54,M,Tecnica,0,1,0.5944554349827691
1176,synthetic,39,4,25,1165,45-54,F,Secundaria,0,1,0.6180708654816294
1502,synthetic,50,5,35,1491,55+,F,Universitaria,0,0,0.3351450093122069
2321,synthetic,77,8,16,2310,25-34,M,Posgrado,0,0,0.46014676472651483
101,synthetic,3,1,35,90,55+,F,Universitaria,0,0,0.3872144665679072
682,synthetic,23,3,19,671,35-44,F,Universitaria,0,0,0.33176975334992687
589,synthetic,20,2,1,578,18-24,F,Secundaria,0,0,0.4857361085770838
933,synthetic,31,4,3,922,18-24,F,Universitaria,0,0,0.46993382141978435
1117,synthetic,37,4,16,1106,25-34,M,Posgrado,0,0,0.45699123286027693
657,synthetic,22,3,7,646,18-24,M,Universitaria,0,0,0.3795488534760203
362,synthetic,12,2,8,351,18-24,M,Posgrado,1,0,0.3404468249681409
800,synthetic,27,3,14,789,25-34,M,Tecnica,0,1,0.6016459921656894
2281,synthetic,76,8,39,2270,55+,M,Universitaria,0,0,0.2410915259592247
1965,synthetic,66,7,37,1954,55+,M,Secundaria,0,0,0.263224757628534
2284,synthetic,76,8,39,2273,55+,M,Universitaria,0,0,0.2410915259592247
907,synthetic,30,3,2,896,18-24,F,Tecnica,0,1,0.5924370376931114
270,synthetic,9,1,16,259,25-34,M,Posgrado,0,1,0.5721461819698777
1987,synthetic,66,7,37,1976,55+,M,Secundaria,0,0,0.263224757628534
1743,synthetic,58,6,5,1732,18-24,M,Secundaria,0,0,0.42382666466906355
106,synthetic,4,1,35,95,55+,F,Universitaria,0,0,0.3872144665679072
2277,synthetic,76,8,39,2266,55+,M,Universitaria,0,0,0.2410915259592247
608,synthetic,20,2,1,597,18-24,F,Secundaria,0,0,0.4857361085770838
1467,synthetic,49,5,11,1456,25-34,F,Universitaria,0,1,0.5968307949375904
1145,synthetic,38,4,12,1134,25-34,F,Posgrado,0,1,0.5162048819831176
2083,synthetic,70,7,14,2072,25-34,M,Tecnica,0,1,0.5985960470168
577,synthetic,19,2,28,566,45-54,F,Posgrado,0,0,0.4753148377465076
888,synthetic,30,3,2,877,18-24,F,Tecnica,0,1,0.5924370376931114
1837,synthetic,61,7,36,1826,55+,F,Posgrado,0,0,0.2388671761734676
506,synthetic,17,2,38,495,55+,M,Tecnica,0,0,0.32202861324969806
1418,synthetic,47,5,12,1407,25-34,F,Posgrado,1,1,0.5749184240726525
103,synthetic,4,1,35,92,55+,F,Universitaria,0,0,0.3872144665679072
1747,synthetic,58,6,5,1736,18-24,M,Secundaria,0,0,0.42382666466906355
1200,synthetic,40,4,12,1189,25-34,F,Posgrado,0,1,0.5162048819831176
401,synthetic,13,2,38,390,55+,M,Tecnica,0,0,0.32202861324969806
1205,synthetic,40,4,12,1194,25-34,F,Posgrado,0,1,0.5162048819831176
2149,synthetic,72,8,39,2138,55+,M,Universitaria,0,0,0.2410915259592247
180,synthetic,6,1,4,169,18-24,F,Posgrado,0,1,0.5627508845796775
1497,synthetic,50,5,35,1486,55+,F,Universitaria,0,0,0.3351450093122069
513,synthetic,17,2,38,502,55+,M,Tecnica,1,0,0.32202861324969806
818,synthetic,27,3,14,807,25-34,M,Tecnica,0,1,0.6016459921656894
554,synthetic,19,2,28,543,45-54,F,Posgrado,0,0,0.4753148377465076
215,synthetic,7,1,38,204,55+,M,Tecnica,0,0,0.48297394407387784
1876,synthetic,63,7,37,1865,55+,M,Secundaria,0,0,0.263224757628534
2300,synthetic,77,8,16,2289,25-34,M,Posgrado,0,0,0.46014676472651483
2289,synthetic,76,8,39,2278,55+,M,Universitaria,0,0,0.2410915259592247
742,synthetic,25,3,19,731,35-44,F,Universitaria,0,0,0.33176975334992687
1258,synthetic,42,5,14,1247,25-34,M,Tecnica,0,1,0.6863657259028538
1157,synthetic,39,4,25,1146,45-54,F,Secundaria,1,1,0.6180708654816294
874,synthetic,29,3,22,863,35-44,M,Tecnica,0,0,0.4232890639325734
258,synthetic,9,1,16,247,25-34,M,Posgrado,0,1,0.5721461819698777
1454,synthetic,49,5,11,1443,25-34,F,Universitaria,0,1,0.5968307949375904
1238,synthetic,41,5,34,1227,55+,F,Tecnica,0,0,0.4858047080898414
1110,synthetic,37,4,16,1099,25-34,M,Posgrado,0,0,0.45699123286027693
2294,synthetic,77,8,16,2283,25-34,M,Posgrado,0,0,0.46014676472651483
1596,synthetic,53,6,27,1585,45-54,F,Universitaria,1,0,0.4947001530640392
1305,synthetic,44,5,20,1294,35-44,F,Posgrado,0,0,0.3965964539427553
161,synthetic,5,1,38,150,55+,M,Tecnica,0,0,0.48297394407387784
2212,synthetic,74,8,1,2201,18-24,F,Secundaria,0,1,0.5421244860795618
1342,synthetic,45,5,31,1331,45-54,M,Universitaria,0,1,0.5509650151324413
1390,synthetic,46,5,29,1379,45-54,M,Secundaria,0,1,0.6180239668644845
251,synthetic,8,1,7,240,18-24,M,Universitaria,0,1,0.5263158376169196
1132,synthetic,38,4,12,1121,25-34,F,Posgrado,0,1,0.5162048819831176
217,synthetic,7,1,38,206,55+,M,Tecnica,0,0,0.48297394407387784
2232,synthetic,75,8,11,2221,25-34,F,Universitaria,0,1,0.541872180501034
2041,synthetic,68,7,27,2030,45-54,F,Universitaria,0,1,0.5145732902943181
717,synthetic,24,3,1,706,18-24,F,Secundaria,0,1,0.5056094664592065
204,synthetic,7,1,38,193,55+,M,Tecnica,0,0,0.48297394407387784
1249,synthetic,42,5,14,1238,25-34,M,Tecnica,0,1,0.6863657259028538
1707,synthetic,57,6,5,1696,18-24,M,Secundaria,0,0,0.42382666466906355
2030,synthetic,68,7,27,2019,45-54,F,Universitaria,0,1,0.5145732902943181
1092,synthetic,37,4,16,1081,25-34,M,Posgrado,0,0,0.45699123286027693
1917,synthetic,64,7,30,1906,45-54,M,Tecnica,0,1,0.610452673385737
1492,synthetic,50,5,35,1481,55+,F,Universitaria,0,0,0.3351450093122069
2349,synthetic,78,8,10,2338,25-34,F,Tecnica,0,1,0.689137718307322
1850,synthetic,62,7,16,1839,25-34,M,Posgrado,0,0,0.42093878883090646
1898,synthetic,63,7,37,1887,55+,M,Secundaria,0,0,0.263224757628534
2258,synthetic,75,8,11,2247,25-34,F,Universitaria,0,1,0.541872180501034
829,synthetic,28,3,29,818,45-54,M,Secundaria,0,1,0.527550685218911
2113,synthetic,71,8,22,2102,35-44,M,Tecnica,0,0,0.4593831109645533
1518,synthetic,51,6,15,1507,25-34,M,Universitaria,0,0,0.42357848304329293
2096,synthetic,70,7,14,2085,25-34,M,Tecnica,0,1,0.5985960470168
1335,synthetic,45,5,31,1324,45-54,M,Universitaria,0,1,0.5509650151324413
1542,synthetic,52,6,29,1531,45-54,M,Secundaria,0,1,0.5045236720418544
1242,synthetic,42,5,14,1231,25-34,M,Tecnica,1,1,0.6863657259028538
186,synthetic,6,1,4,175,18-24,F,Posgrado,0,1,0.5627508845796775
609,synthetic,20,2,1,598,18-24,F,Secundaria,0,0,0.4857361085770838
815,synthetic,27,3,14,804,25-34,M,Tecnica,0,1,0.6016459921656894
1629,synthetic,54,6,31,1618,45-54,M,Universitaria,0,0,0.43573157273396207
242,synthetic,8,1,7,231,18-24,M,Universitaria,0,1,0.5263158376169196
1620,synthetic,54,6,31,1609,45-54,M,Universitaria,0,0,0.43573157273396207
155,synthetic,5,1,38,144,55+,M,Tecnica,0,0,0.48297394407387784
1008,synthetic,34,4,14,997,25-34,M,Tecnica,0,1,0.6332252282042902
851,synthetic,28,3,29,840,45-54,M,Secundaria,0,1,0.527550685218911
1601,synthetic,53,6,27,1590,45-54,F,Universitaria,0,0,0.4947001530640392
855,synthetic,29,3,22,844,35-44,M,Tecnica,0,0,0.4232890639325734
481,synthetic,16,2,22,470,35-44,M,Tecnica,0,0,0.4040072425491289
1793,synthetic,60,6,29,1782,45-54,M,Secundaria,0,1,0.5045236720418544
1774,synthetic,59,6,38,1763,55+,M,Tecnica,0,0,0.31926011012667294
1055,synthetic,35,4,19,1044,35-44,F,Universitaria,0,0,0.3620583321082111
424,synthetic,14,2,30,413,45-54,M,Tecnica,0,1,0.5944554349827691
677,synthetic,23,3,19,666,35-44,F,Universitaria,0,0,0.33176975334992687
1632,synthetic,55,6,34,1621,55+,F,Tecnica,0,0,0.3728824873941997
2288,synthetic,76,8,39,2277,55+,M,Universitaria,0,0,0.2410915259592247
341,synthetic,11,2,14,330,25-34,M,Tecnica,0,1,0.582444950359394
1369,synthetic,46,5,29,1358,45-54,M,Secundaria,0,1,0.6180239668644845
1465,synthetic,49,5,11,1454,25-34,F,Universitaria,0,1,0.5968307949375904
124,synthetic,4,1,35,113,55+,F,Universitaria,0,0,0.3872144665679072
1297,synthetic,43,5,7,1286,18-24,M,Universitaria,0,0,0.4698843342072722
665,synthetic,22,3,7,654,18-24,M,Universitaria,0,0,0.3795488534760203
1086,synthetic,36,4,9,1075,25-34,F,Secundaria,0,1,0.6062965691693055
2180,synthetic,73,8,6,2169,18-24,M,Tecnica,0,1,0.5703318405451754
910,synthetic,30,3,2,899,18-24,F,Tecnica,0,1,0.5924370376931114
2186,synthetic,73,8,6,2175,18-24,M,Tecnica,0,1,0.5703318405451754
1934,synthetic,65,7,9,1923,25-34,F,Secundaria,0,1,0.5708480080235914
338,synthetic,11,2,14,327,25-34,M,Tecnica,0,1,0.582444950359394
1510,synthetic,50,5,35,1499,55+,F,Universitaria,0,0,0.3351450093122069
1760,synthetic,59,6,38,1749,55+,M,Tecnica,0,0,0.31926011012667294
1101,synthetic,37,4,16,1090,25-34,M,Posgrado,0,0,0.45699123286027693
954,synthetic,32,4,37,943,55+,M,Secundaria,0,0,0.2925947566211573
2183,synthetic,73,8,6,2172,18-24,M,Tecnica,0,1,0.5703318405451754
1922,synthetic,64,7,30,1911,45-54,M,Tecnica,0,1,0.610452673385737
1139,synthetic,38,4,12,1128,25-34,F,Posgrado,0,1,0.5162048819831176
2175,synthetic,73,8,6,2164,18-24,M,Tecnica,0,1,0.5703318405451754
2370,synthetic,79,8,21,2359,35-44,M,Secundaria,0,0,0.37415403364203026
1087,synthetic,36,4,9,1076,25-34,F,Secundaria,0,1,0.6062965691693055
548,synthetic,18,2,29,537,45-54,M,Secundaria,0,1,0.5077005453523965
425,synthetic,14,2,30,414,45-54,M,Tecnica,0,1,0.5944554349827691
839,synthetic,28,3,29,828,45-54,M,Secundaria,0,1,0.527550685218911
1067,synthetic,36,4,9,1056,25-34,F,Secundaria,0,1,0.6062965691693055
23,synthetic,1,1,8,12,18-24,M,Posgrado,0,1,0.5037575453369451
675,synthetic,23,3,19,664,35-44,F,Universitaria,0,0,0.33176975334992687
415,synthetic,14,2,30,404,45-54,M,Tecnica,0,1,0.5944554349827691
809,synthetic,27,3,14,798,25-34,M,Tecnica,0,1,0.6016459921656894
1236,synthetic,41,5,34,1225,55+,F,Tecnica,0,0,0.4858047080898414
1811,synthetic,60,6,29,1800,45-54,M,Secundaria,0,1,0.5045236720418544
1416,synthetic,47,5,12,1405,25-34,F,Posgrado,1,1,0.5749184240726525
1973,synthetic,66,7,37,1962,55+,M,Secundaria,0,0,0.263224757628534
1868,synthetic,62,7,16,1857,25-34,M,Posgrado,0,0,0.42093878883090646
1831,synthetic,61,7,36,1820,55+,F,Posgrado,0,0,0.2388671761734676
1581,synthetic,53,6,27,1570,45-54,F,Universitaria,0,0,0.4947001530640392
1227,synthetic,41,5,34,1216,55+,F,Tecnica,0,0,0.4858047080898414
532,synthetic,18,2,29,521,45-54,M,Secundaria,0,1,0.5077005453523965
1875,synthetic,63,7,37,1864,55+,M,Secundaria,0,0,0.263224757628534
171,synthetic,6,1,4,160,18-24,F,Posgrado,0,1,0.5627508845796775
993,synthetic,33,4,29,982,45-54,M,Secundaria,0,1,0.5607150477563597
552,synthetic,19,2,28,541,45-54,F,Posgrado,0,0,0.4753148377465076
2348,synthetic,78,8,10,2337,25-34,F,Tecnica,0,1,0.689137718307322
2368,synthetic,79,8,21,2357,35-44,M,Secundaria,0,0,0.37415403364203026
283,synthetic,10,1,21,272,35-44,M,Secundaria,0,0,0.4839874878669335
275,synthetic,9,1,16,264,25-34,M,Posgrado,0,1,0.5721461819698777
949,synthetic,32,4,37,938,55+,M,Secundaria,0,0,0.2925947566211573
1904,synthetic,64,7,30,1893,45-54,M,Tecnica,0,1,0.610452673385737
2068,synthetic,69,7,25,2057,45-54,F,Secundaria,0,1,0.5829532179711919
1123,synthetic,38,4,12,1112,25-34,F,Posgrado,0,1,0.5162048819831176
173,synthetic,6,1,4,162,18-24,F,Posgrado,0,1,0.5627508845796775
761,synthetic,25,3,19,750,35-44,F,Universitaria,0,0,0.33176975334992687
2084,synthetic,70,7,14,2073,25-34,M,Tecnica,0,1,0.5985960470168
2006,synthetic,67,7,12,1995,25-34,F,Posgrado,0,0,0.4796070027421895
1113,synthetic,37,4,16,1102,25-34,M,Posgrado,0,0,0.45699123286027693
43,synthetic,2,1,3,32,18-24,F,Universitaria,0,1,0.5848375447419792
2355,synthetic,79,8,21,2344,35-44,M,Secundaria,0,0,0.37415403364203026
2364,synthetic,79,8,21,2353,35-44,M,Secundaria,0,0,0.37415403364203026
369,synthetic,12,2,8,358,18-24,M,Posgrado,0,0,0.3404468249681409
1796,synthetic,60,6,29,1785,45-54,M,Secundaria,0,1,0.5045236720418544
1358,synthetic,45,5,31,1347,45-54,M,Universitaria,0,1,0.5509650151324413
1810,synthetic,60,6,29,1799,45-54,M,Secundaria,0,1,0.5045236720418544
1735,synthetic,58,6,5,1724,18-24,M,Secundaria,0,0,0.42382666466906355
97,synthetic,3,1,35,86,55+,F,Universitaria,0,0,0.3872144665679072
1016,synthetic,34,4,14,1005,25-34,M,Tecnica,0,1,0.6332252282042902
1807,synthetic,60,6,29,1796,45-54,M,Secundaria,0,1,0.5045236720418544
2265,synthetic,76,8,39,2254,55+,M,Universitaria,0,0,0.2410915259592247
