dataset_row_id,source,split
0,observed,train
1,observed,test
2,observed,train
3,observed,train
4,observed,test
5,observed,train
6,observed,train
7,observed,train
8,observed,test
9,observed,train
10,observed,train
11,observed,train
12,observed,train
13,observed,train
14,observed,train
15,observed,test
16,observed,train
17,observed,train
18,observed,train
19,observed,train
20,observed,test
21,observed,test
22,observed,train
23,observed,test
24,observed,train
25,observed,test
26,observed,test
27,observed,train
28,observed,train
29,observed,train
30,observed,train
31,observed,train
32,observed,test
33,observed,train
34,observed,train
35,observed,train
36,synthetic,train
37,synthetic,train
38,synthetic,test
39,synthetic,test
40,synthetic,test
41,synthetic,train
42,synthetic,test
43,synthetic,train
44,synthetic,train
45,synthetic,train
46,synthetic,train
47,synthetic,train
48,synthetic,train
49,synthetic,train
50,synthetic,train
51,synthetic,test
52,synthetic,test
53,synthetic,train
54,synthetic,train
55,synthetic,train
56,synthetic,test
57,synthetic,train
58,synthetic,train
59,synthetic,train
60,synthetic,train
61,synthetic,train
62,synthetic,train
63,synthetic,test
64,synthetic,train
65,synthetic,train
66,synthetic,train
67,synthetic,test
68,synthetic,train
69,synthetic,train
70,synthetic,test
71,synthetic,train
72,synthetic,train
73,synthetic,train
74,synthetic,train
75,synthetic,train
76,synthetic,train
77,synthetic,train
78,synthetic,train
79,synthetic,train
80,synthetic,train
81,synthetic,test
82,synthetic,train
83,synthetic,train
84,synthetic,train
85,synthetic,test
86,synthetic,train
87,synthetic,train
88,synthetic,train
89,synthetic,train
90,synthetic,train
91,synthetic,train
92,synthetic,train
93,synthetic,train
94,synthetic,test
95,synthetic,train
96,synthetic,test
97,synthetic,test
98,synthetic,train
99,synthetic,train
100,synthetic,test
101,synthetic,train
102,synthetic,train
103,synthetic,test
104,synthetic,train
105,synthetic,train
106,synthetic,test
107,synthetic,train
108,synthetic,train
109,synthetic,train
110,synthetic,train
111,synthetic,test
112,synthetic,train
113,synthetic,train
114,synthetic,train
115,synthetic,train
116,synthetic,test
117,synthetic,train
118,synthetic,train
119,synthetic,train
120,synthetic,train
121,synthetic,train
122,synthetic,test
123,synthetic,train
124,synthetic,test
125,synthetic,train
126,synthetic,train
127,synthetic,test
128,synthetic,train
129,synthetic,train
130,synthetic,test
131,synthetic,train
132,synthetic,train
133,synthetic,train
134,synthetic,train
135,synthetic,test
136,synthetic,train
137,synthetic,train
138,synthetic,test
139,synthetic,train
140,synthetic,train
141,synthetic,test
142,synthetic,train
143,synthetic,train
144,synthetic,train
145,synthetic,train
146,synthetic,train
147,synthetic,train
148,synthetic,train
149,synthetic,train
150,synthetic,train
151,synthetic,test
152,synthetic,train
153,synthetic,train
154,synthetic,train
155,synthetic,test
156,synthetic,train
157,synthetic,train
158,synthetic,train
159,synthetic,test
160,synthetic,train
161,synthetic,train
162,synthetic,train
163,synthetic,train
164,synthetic,test
165,synthetic,test
166,synthetic,train
167,synthetic,train
168,synthetic,test
169,synthetic,test
170,synthetic,train
171,synthetic,test
172,synthetic,test
173,synthetic,test
174,synthetic,train
175,synthetic,train
176,synthetic,train
177,synthetic,train
178,synthetic,test
179,synthetic,train
180,synthetic,train
181,synthetic,test
182,synthetic,train
183,synthetic,train
184,synthetic,test
185,synthetic,train
186,synthetic,train
187,synthetic,train
188,synthetic,train
189,synthetic,test
190,synthetic,train
191,synthetic,train
192,synthetic,train
193,synthetic,test
194,synthetic,test
195,synthetic,train
196,synthetic,train
197,synthetic,train
198,synthetic,train
199,synthetic,train
200,synthetic,test
201,synthetic,train
202,synthetic,train
203,synthetic,test
204,synthetic,test
205,synthetic,test
206,synthetic,train
207,synthetic,train
208,synthetic,train
209,synthetic,train
210,synthetic,train
211,synthetic,test
212,synthetic,test
213,synthetic,train
214,synthetic,train
215,synthetic,test
216,synthetic,test
217,synthetic,test
218,synthetic,train
219,synthetic,train
220,synthetic,train
221,synthetic,test
222,synthetic,train
223,synthetic,train
224,synthetic,train
225,synthetic,train
226,synthetic,train
227,synthetic,train
228,synthetic,train
229,synthetic,train
230,synthetic,train
231,synthetic,test
232,synthetic,test
233,synthetic,train
234,synthetic,train
235,synthetic,train
236,synthetic,train
237,synthetic,train
238,synthetic,train
239,synthetic,train
240,synthetic,test
241,synthetic,train
242,synthetic,train
243,synthetic,train
244,synthetic,train
245,synthetic,test
246,synthetic,train
247,synthetic,train
248,synthetic,train
249,synthetic,train
250,synthetic,test
251,synthetic,train
252,synthetic,train
253,synthetic,train
254,synthetic,train
255,synthetic,train
256,synthetic,train
257,synthetic,test
258,synthetic,train
259,synthetic,train
260,synthetic,train
261,synthetic,test
262,synthetic,train
263,synthetic,test
264,synthetic,train
265,synthetic,train
266,synthetic,train
267,synthetic,train
268,synthetic,train
269,synthetic,test
270,synthetic,test
271,synthetic,train
272,synthetic,train
273,synthetic,train
274,synthetic,test
275,synthetic,train
276,synthetic,train
277,synthetic,train
278,synthetic,train
279,synthetic,test
280,synthetic,test
281,synthetic,test
282,synthetic,train
283,synthetic,train
284,synthetic,train
285,synthetic,test
286,synthetic,train
287,synthetic,train
288,synthetic,train
289,synthetic,train
290,synthetic,train
291,synthetic,train
292,synthetic,train
293,synthetic,train
294,synthetic,train
295,synthetic,train
296,synthetic,test
297,synthetic,test
298,synthetic,train
299,synthetic,train
300,synthetic,train
301,synthetic,train
302,synthetic,test
303,synthetic,train
304,synthetic,train
305,synthetic,train
306,synthetic,train
307,synthetic,train
308,synthetic,train
309,synthetic,train
310,synthetic,train
311,synthetic,train
312,synthetic,train
313,synthetic,test
314,synthetic,train
315,synthetic,train
316,synthetic,train
317,synthetic,train
318,synthetic,train
319,synthetic,train
320,synthetic,train
321,synthetic,test
322,synthetic,train
323,synthetic,train
324,synthetic,test
325,synthetic,train
326,synthetic,train
327,synthetic,train
328,synthetic,train
329,synthetic,train
330,synthetic,train
331,synthetic,train
332,synthetic,train
333,synthetic,test
334,synthetic,train
335,synthetic,train
336,synthetic,train
337,synthetic,test
338,synthetic,train
339,synthetic,train
340,synthetic,test
341,synthetic,train
342,synthetic,train
343,synthetic,train
344,synthetic,train
345,synthetic,train
346,synthetic,test
347,synthetic,train
348,synthetic,train
349,synthetic,train
350,synthetic,train
351,synthetic,test
352,synthetic,train
353,synthetic,train
354,synthetic,train
355,synthetic,train
356,synthetic,test
357,synthetic,train
358,synthetic,test
359,synthetic,test
360,synthetic,train
361,synthetic,test
362,synthetic,train
363,synthetic,train
364,synthetic,train
365,synthetic,train
366,synthetic,train
367,synthetic,train
368,synthetic,test
369,synthetic,train
370,synthetic,train
371,synthetic,train
372,synthetic,train
373,synthetic,train
374,synthetic,train
375,synthetic,train
376,synthetic,train
377,synthetic,test
378,synthetic,train
379,synthetic,train
380,synthetic,train
381,synthetic,train
382,synthetic,train
383,synthetic,train
384,synthetic,train
385,synthetic,train
386,synthetic,train
387,synthetic,train
388,synthetic,train
389,synthetic,train
390,synthetic,train
391,synthetic,test
392,synthetic,train
393,synthetic,train
394,synthetic,train
395,synthetic,train
396,synthetic,train
397,synthetic,train
398,synthetic,train
399,synthetic,train
400,synthetic,test
401,synthetic,test
402,synthetic,train
403,synthetic,train
404,synthetic,train
405,synthetic,train
406,synthetic,train
407,synthetic,train
408,synthetic,test
409,synthetic,train
410,synthetic,train
411,synthetic,train
412,synthetic,train
413,synthetic,test
414,synthetic,test
415,synthetic,train
416,synthetic,train
417,synthetic,test
418,synthetic,test
419,synthetic,test
420,synthetic,train
421,synthetic,test
422,synthetic,test
423,synthetic,train
424,synthetic,train
425,synthetic,test
426,synthetic,train
427,synthetic,train
428,synthetic,train
429,synthetic,test
430,synthetic,train
431,synthetic,train
432,synthetic,train
433,synthetic,train
434,synthetic,train
435,synthetic,test
436,synthetic,train
437,synthetic,train
438,synthetic,train
439,synthetic,train
440,synthetic,train
441,synthetic,train
442,synthetic,test
443,synthetic,test
444,synthetic,train
445,synthetic,train
446,synthetic,train
447,synthetic,train
448,synthetic,train
449,synthetic,train
450,synthetic,train
451,synthetic,train
452,synthetic,train
453,synthetic,train
454,synthetic,train
455,synthetic,train
456,synthetic,train
457,synthetic,test
458,synthetic,train
459,synthetic,train
460,synthetic,train
461,synthetic,train
462,synthetic,train
463,synthetic,train
464,synthetic,train
465,synthetic,train
466,synthetic,train
467,synthetic,test
468,synthetic,train
469,synthetic,test
470,synthetic,test
471,synthetic,train
472,synthetic,train
473,synthetic,train
474,synthetic,train
475,synthetic,train
476,synthetic,train
477,synthetic,train
478,synthetic,train
479,synthetic,test
480,synthetic,train
481,synthetic,train
482,synthetic,test
483,synthetic,test
484,synthetic,test
485,synthetic,train
486,synthetic,train
487,synthetic,test
488,synthetic,train
489,synthetic,train
490,synthetic,train
491,synthetic,train
492,synthetic,train
493,synthetic,train
494,synthetic,train
495,synthetic,test
496,synthetic,train
497,synthetic,train
498,synthetic,test
499,synthetic,test
500,synthetic,train
501,synthetic,train
502,synthetic,test
503,synthetic,test
504,synthetic,test
505,synthetic,test
506,synthetic,train
507,synthetic,train
508,synthetic,train
509,synthetic,train
510,synthetic,train
511,synthetic,train
512,synthetic,train
513,synthetic,train
514,synthetic,train
515,synthetic,train
516,synthetic,test
517,synthetic,test
518,synthetic,test
519,synthetic,test
520,synthetic,train
521,synthetic,train
522,synthetic,test
523,synthetic,test
524,synthetic,train
525,synthetic,train
526,synthetic,train
527,synthetic,test
528,synthetic,train
529,synthetic,test
530,synthetic,test
531,synthetic,test
532,synthetic,train
533,synthetic,train
534,synthetic,test
535,synthetic,train
536,synthetic,test
537,synthetic,train
538,synthetic,train
539,synthetic,train
540,synthetic,train
541,synthetic,train
542,synthetic,train
543,synthetic,test
544,synthetic,test
545,synthetic,test
546,synthetic,train
547,synthetic,train
548,synthetic,test
549,synthetic,train
550,synthetic,test
551,synthetic,train
552,synthetic,train
553,synthetic,train
554,synthetic,train
555,synthetic,test
556,synthetic,train
557,synthetic,train
558,synthetic,test
559,synthetic,train
560,synthetic,train
561,synthetic,train
562,synthetic,train
563,synthetic,test
564,synthetic,test
565,synthetic,train
566,synthetic,train
567,synthetic,train
568,synthetic,train
569,synthetic,train
570,synthetic,train
571,synthetic,train
572,synthetic,train
573,synthetic,train
574,synthetic,test
575,synthetic,train
576,synthetic,train
577,synthetic,test
578,synthetic,train
579,synthetic,train
580,synthetic,train
581,synthetic,train
582,synthetic,train
583,synthetic,test
584,synthetic,train
585,synthetic,train
586,synthetic,train
587,synthetic,test
588,synthetic,train
589,synthetic,train
590,synthetic,train
591,synthetic,train
592,synthetic,train
593,synthetic,train
594,synthetic,train
595,synthetic,train
596,synthetic,test
597,synthetic,train
598,synthetic,train
599,synthetic,test
600,synthetic,test
601,synthetic,train
602,synthetic,test
603,synthetic,train
604,synthetic,test
605,synthetic,train
606,synthetic,train
607,synthetic,test
608,synthetic,test
609,synthetic,train
610,synthetic,train
611,synthetic,train
612,synthetic,train
613,synthetic,test
614,synthetic,train
615,synthetic,train
616,synthetic,train
617,synthetic,train
618,synthetic,train
619,synthetic,train
620,synthetic,test
621,synthetic,train
622,synthetic,train
623,synthetic,train
624,synthetic,train
625,synthetic,train
626,synthetic,test
627,synthetic,test
628,synthetic,train
629,synthetic,train
630,synthetic,train
631,synthetic,train
632,synthetic,train
633,synthetic,train
634,synthetic,train
635,synthetic,test
636,synthetic,train
637,synthetic,train
638,synthetic,train
639,synthetic,train
640,synthetic,train
641,synthetic,test
642,synthetic,train
643,synthetic,train
644,synthetic,train
645,synthetic,test
646,synthetic,train
647,synthetic,test
648,synthetic,train
649,synthetic,test
650,synthetic,train
651,synthetic,train
652,synthetic,train
653,synthetic,test
654,synthetic,train
655,synthetic,train
656,synthetic,train
657,synthetic,test
658,synthetic,train
659,synthetic,train
660,synthetic,train
661,synthetic,train
662,synthetic,train
663,synthetic,train
664,synthetic,test
665,synthetic,train
666,synthetic,test
667,synthetic,train
668,synthetic,test
669,synthetic,train
670,synthetic,train
671,synthetic,train
672,synthetic,train
673,synthetic,train
674,synthetic,test
675,synthetic,train
676,synthetic,test
677,synthetic,train
678,synthetic,train
679,synthetic,train
680,synthetic,test
681,synthetic,test
682,synthetic,test
683,synthetic,train
684,synthetic,test
685,synthetic,train
686,synthetic,train
687,synthetic,train
688,synthetic,test
689,synthetic,train
690,synthetic,test
691,synthetic,train
692,synthetic,train
693,synthetic,train
694,synthetic,test
695,synthetic,test
696,synthetic,train
697,synthetic,test
698,synthetic,test
699,synthetic,test
700,synthetic,test
701,synthetic,test
702,synthetic,train
703,synthetic,train
704,synthetic,test
705,synthetic,test
706,synthetic,train
707,synthetic,train
708,synthetic,train
709,synthetic,train
710,synthetic,train
711,synthetic,train
712,synthetic,train
713,synthetic,test
714,synthetic,train
715,synthetic,train
716,synthetic,train
717,synthetic,test
718,synthetic,train
719,synthetic,train
720,synthetic,train
721,synthetic,train
722,synthetic,train
723,synthetic,test
724,synthetic,train
725,synthetic,test
726,synthetic,test
727,synthetic,test
728,synthetic,train
729,synthetic,train
730,synthetic,train
731,synthetic,test
732,synthetic,test
733,synthetic,train
734,synthetic,train
735,synthetic,train
736,synthetic,train
737,synthetic,train
738,synthetic,test
739,synthetic,train
740,synthetic,test
741,synthetic,test
742,synthetic,train
743,synthetic,train
744,synthetic,test
745,synthetic,test
746,synthetic,train
747,synthetic,train
748,synthetic,train
749,synthetic,train
750,synthetic,train
751,synthetic,train
752,synthetic,test
753,synthetic,train
754,synthetic,train
755,synthetic,train
756,synthetic,test
757,synthetic,train
758,synthetic,train
759,synthetic,train
760,synthetic,test
761,synthetic,train
762,synthetic,train
763,synthetic,train
764,synthetic,train
765,synthetic,train
766,synthetic,train
767,synthetic,train
768,synthetic,train
769,synthetic,test
770,synthetic,train
771,synthetic,test
772,synthetic,train
773,synthetic,train
774,synthetic,train
775,synthetic,test
776,synthetic,train
777,synthetic,test
778,synthetic,train
779,synthetic,train
780,synthetic,train
781,synthetic,train
782,synthetic,test
783,synthetic,train
784,synthetic,test
785,synthetic,train
786,synthetic,train
787,synthetic,train
788,synthetic,train
789,synthetic,train
790,synthetic,train
791,synthetic,test
792,synthetic,train
793,synthetic,train
794,synthetic,test
795,synthetic,train
796,synthetic,train
797,synthetic,test
798,synthetic,train
799,synthetic,train
800,synthetic,train
801,synthetic,train
802,synthetic,test
803,synthetic,train
804,synthetic,test
805,synthetic,test
806,synthetic,train
807,synthetic,test
808,synthetic,train
809,synthetic,train
810,synthetic,test
811,synthetic,train
812,synthetic,test
813,synthetic,test
814,synthetic,train
815,synthetic,train
816,synthetic,train
817,synthetic,test
818,synthetic,train
819,synthetic,test
820,synthetic,test
821,synthetic,train
822,synthetic,train
823,synthetic,train
824,synthetic,train
825,synthetic,train
826,synthetic,train
827,synthetic,test
828,synthetic,test
829,synthetic,train
830,synthetic,train
831,synthetic,train
832,synthetic,train
833,synthetic,test
834,synthetic,train
835,synthetic,train
836,synthetic,train
837,synthetic,train
838,synthetic,test
839,synthetic,test
840,synthetic,test
841,synthetic,train
842,synthetic,train
843,synthetic,test
844,synthetic,test
845,synthetic,train
846,synthetic,train
847,synthetic,test
848,synthetic,train
849,synthetic,train
850,synthetic,train
851,synthetic,test
852,synthetic,train
853,synthetic,train
854,synthetic,test
855,synthetic,train
856,synthetic,train
857,synthetic,train
858,synthetic,train
859,synthetic,train
860,synthetic,train
861,synthetic,train
862,synthetic,train
863,synthetic,train
864,synthetic,test
865,synthetic,test
866,synthetic,train
867,synthetic,train
868,synthetic,train
869,synthetic,train
870,synthetic,train
871,synthetic,train
872,synthetic,train
873,synthetic,test
874,synthetic,test
875,synthetic,train
876,synthetic,test
877,synthetic,train
878,synthetic,test
879,synthetic,test
880,synthetic,train
881,synthetic,test
882,synthetic,train
883,synthetic,test
884,synthetic,train
885,synthetic,test
886,synthetic,train
887,synthetic,test
888,synthetic,train
889,synthetic,test
890,synthetic,train
891,synthetic,train
892,synthetic,train
893,synthetic,train
894,synthetic,train
895,synthetic,train
896,synthetic,train
897,synthetic,train
898,synthetic,train
899,synthetic,train
900,synthetic,test
901,synthetic,train
902,synthetic,test
903,synthetic,train
904,synthetic,test
905,synthetic,train
906,synthetic,test
907,synthetic,test
908,synthetic,train
909,synthetic,train
910,synthetic,train
911,synthetic,train
912,synthetic,train
913,synthetic,train
914,synthetic,test
915,synthetic,train
916,synthetic,train
917,synthetic,test
918,synthetic,train
919,synthetic,test
920,synthetic,train
921,synthetic,test
922,synthetic,train
923,synthetic,train
924,synthetic,train
925,synthetic,train
926,synthetic,test
927,synthetic,train
928,synthetic,test
929,synthetic,train
930,synthetic,train
931,synthetic,train
932,synthetic,test
933,synthetic,test
934,synthetic,test
935,synthetic,test
936,synthetic,train
937,synthetic,test
938,synthetic,train
939,synthetic,train
940,synthetic,test
941,synthetic,test
942,synthetic,test
943,synthetic,train
944,synthetic,train
945,synthetic,train
946,synthetic,train
947,synthetic,test
948,synthetic,train
949,synthetic,train
950,synthetic,train
951,synthetic,test
952,synthetic,test
953,synthetic,test
954,synthetic,train
955,synthetic,train
956,synthetic,train
957,synthetic,train
958,synthetic,train
959,synthetic,train
960,synthetic,train
961,synthetic,test
962,synthetic,train
963,synthetic,train
964,synthetic,train
965,synthetic,train
966,synthetic,train
967,synthetic,train
968,synthetic,train
969,synthetic,train
970,synthetic,test
971,synthetic,test
972,synthetic,train
973,synthetic,train
974,synthetic,train
975,synthetic,train
976,synthetic,train
977,synthetic,train
978,synthetic,test
979,synthetic,test
980,synthetic,train
981,synthetic,train
982,synthetic,train
983,synthetic,train
984,synthetic,train
985,synthetic,train
986,synthetic,test
987,synthetic,test
988,synthetic,train
989,synthetic,train
990,synthetic,train
991,synthetic,train
992,synthetic,test
993,synthetic,test
994,synthetic,test
995,synthetic,train
996,synthetic,train
997,synthetic,train
998,synthetic,train
999,synthetic,train
1000,synthetic,train
1001,synthetic,train
1002,synthetic,train
1003,synthetic,train
1004,synthetic,test
1005,synthetic,train
1006,synthetic,test
1007,synthetic,train
1008,synthetic,train
1009,synthetic,train
1010,synthetic,test
1011,synthetic,train
1012,synthetic,train
1013,synthetic,test
1014,synthetic,test
1015,synthetic,test
1016,synthetic,test
1017,synthetic,test
1018,synthetic,train
1019,synthetic,train
1020,synthetic,test
1021,synthetic,test
1022,synthetic,test
1023,synthetic,train
1024,synthetic,train
1025,synthetic,train
1026,synthetic,train
1027,synthetic,train
1028,synthetic,train
1029,synthetic,train
1030,synthetic,test
1031,synthetic,train
1032,synthetic,test
1033,synthetic,test
1034,synthetic,train
1035,synthetic,train
1036,synthetic,test
1037,synthetic,train
1038,synthetic,train
1039,synthetic,test
1040,synthetic,train
1041,synthetic,train
1042,synthetic,test
1043,synthetic,train
1044,synthetic,train
1045,synthetic,train
1046,synthetic,train
1047,synthetic,train
1048,synthetic,train
1049,synthetic,train
1050,synthetic,train
1051,synthetic,train
1052,synthetic,train
1053,synthetic,test
1054,synthetic,test
1055,synthetic,train
1056,synthetic,train
1057,synthetic,test
1058,synthetic,test
1059,synthetic,train
1060,synthetic,train
1061,synthetic,train
1062,synthetic,train
1063,synthetic,train
1064,synthetic,test
1065,synthetic,test
1066,synthetic,train
1067,synthetic,train
1068,synthetic,train
1069,synthetic,train
1070,synthetic,train
1071,synthetic,test
1072,synthetic,train
1073,synthetic,train
1074,synthetic,test
1075,synthetic,test
1076,synthetic,train
1077,synthetic,train
1078,synthetic,test
1079,synthetic,test
1080,synthetic,train
1081,synthetic,train
1082,synthetic,train
1083,synthetic,train
1084,synthetic,test
1085,synthetic,test
1086,synthetic,test
1087,synthetic,train
1088,synthetic,train
1089,synthetic,test
1090,synthetic,train
1091,synthetic,train
1092,synthetic,train
1093,synthetic,test
1094,synthetic,train
1095,synthetic,test
1096,synthetic,train
1097,synthetic,train
1098,synthetic,test
1099,synthetic,train
1100,synthetic,train
1101,synthetic,train
1102,synthetic,train
1103,synthetic,train
1104,synthetic,test
1105,synthetic,test
1106,synthetic,test
1107,synthetic,train
1108,synthetic,train
1109,synthetic,test
1110,synthetic,train
1111,synthetic,train
1112,synthetic,test
1113,synthetic,train
1114,synthetic,train
1115,synthetic,train
1116,synthetic,test
1117,synthetic,train
1118,synthetic,train
1119,synthetic,test
1120,synthetic,train
1121,synthetic,train
1122,synthetic,train
1123,synthetic,train
1124,synthetic,train
1125,synthetic,train
1126,synthetic,train
1127,synthetic,train
1128,synthetic,test
1129,synthetic,test
1130,synthetic,train
1131,synthetic,train
1132,synthetic,train
1133,synthetic,test
1134,synthetic,train
1135,synthetic,train
1136,synthetic,test
1137,synthetic,test
1138,synthetic,train
1139,synthetic,train
1140,synthetic,train
1141,synthetic,test
1142,synthetic,test
1143,synthetic,train
1144,synthetic,test
1145,synthetic,train
1146,synthetic,train
1147,synthetic,train
1148,synthetic,test
1149,synthetic,test
1150,synthetic,train
1151,synthetic,train
1152,synthetic,train
1153,synthetic,test
1154,synthetic,test
1155,synthetic,test
1156,synthetic,train
1157,synthetic,train
1158,synthetic,train
1159,synthetic,train
1160,synthetic,train
1161,synthetic,train
1162,synthetic,train
1163,synthetic,train
1164,synthetic,train
1165,synthetic,test
1166,synthetic,test
1167,synthetic,train
1168,synthetic,test
1169,synthetic,train
1170,synthetic,test
1171,synthetic,test
1172,synthetic,test
1173,synthetic,train
1174,synthetic,train
1175,synthetic,train
1176,synthetic,train
1177,synthetic,test
1178,synthetic,train
1179,synthetic,train
1180,synthetic,train
1181,synthetic,train
1182,synthetic,train
1183,synthetic,train
1184,synthetic,train
1185,synthetic,test
1186,synthetic,train
1187,synthetic,train
1188,synthetic,train
1189,synthetic,train
1190,synthetic,train
1191,synthetic,test
1192,synthetic,train
1193,synthetic,train
1194,synthetic,test
1195,synthetic,train
1196,synthetic,train
1197,synthetic,test
1198,synthetic,train
1199,synthetic,train
1200,synthetic,test
1201,synthetic,test
1202,synthetic,train
1203,synthetic,train
1204,synthetic,test
1205,synthetic,test
1206,synthetic,train
1207,synthetic,test
1208,synthetic,test
1209,synthetic,train
1210,synthetic,train
1211,synthetic,train
1212,synthetic,train
1213,synthetic,train
1214,synthetic,test
1215,synthetic,train
1216,synthetic,train
1217,synthetic,test
1218,synthetic,test
1219,synthetic,test
1220,synthetic,train
1221,synthetic,train
1222,synthetic,train
1223,synthetic,train
1224,synthetic,train
1225,synthetic,test
1226,synthetic,test
1227,synthetic,test
1228,synthetic,test
1229,synthetic,train
1230,synthetic,test
1231,synthetic,test
1232,synthetic,train
1233,synthetic,test
1234,synthetic,test
1235,synthetic,test
1236,synthetic,train
1237,synthetic,test
1238,synthetic,train
1239,synthetic,train
1240,synthetic,train
1241,synthetic,test
1242,synthetic,train
1243,synthetic,train
1244,synthetic,train
1245,synthetic,test
1246,synthetic,test
1247,synthetic,train
1248,synthetic,train
1249,synthetic,train
1250,synthetic,test
1251,synthetic,train
1252,synthetic,test
1253,synthetic,train
1254,synthetic,test
1255,synthetic,train
1256,synthetic,train
1257,synthetic,train
1258,synthetic,train
1259,synthetic,train
1260,synthetic,test
1261,synthetic,train
1262,synthetic,train
1263,synthetic,train
1264,synthetic,test
1265,synthetic,test
1266,synthetic,test
1267,synthetic,train
1268,synthetic,test
1269,synthetic,train
1270,synthetic,test
1271,synthetic,train
1272,synthetic,train
1273,synthetic,train
1274,synthetic,test
1275,synthetic,test
1276,synthetic,train
1277,synthetic,train
1278,synthetic,train
1279,synthetic,test
1280,synthetic,train
1281,synthetic,test
1282,synthetic,train
1283,synthetic,test
1284,synthetic,test
1285,synthetic,train
1286,synthetic,train
1287,synthetic,train
1288,synthetic,test
1289,synthetic,train
1290,synthetic,test
1291,synthetic,test
1292,synthetic,train
1293,synthetic,train
1294,synthetic,train
1295,synthetic,train
1296,synthetic,test
1297,synthetic,train
1298,synthetic,train
1299,synthetic,test
1300,synthetic,test
1301,synthetic,test
1302,synthetic,test
1303,synthetic,train
1304,synthetic,test
1305,synthetic,test
1306,synthetic,test
1307,synthetic,train
1308,synthetic,train
1309,synthetic,train
1310,synthetic,train
1311,synthetic,train
1312,synthetic,train
1313,synthetic,train
1314,synthetic,test
1315,synthetic,test
1316,synthetic,train
1317,synthetic,train
1318,synthetic,train
1319,synthetic,train
1320,synthetic,train
1321,synthetic,train
1322,synthetic,train
1323,synthetic,train
1324,synthetic,test
1325,synthetic,train
1326,synthetic,test
1327,synthetic,train
1328,synthetic,train
1329,synthetic,train
1330,synthetic,train
1331,synthetic,test
1332,synthetic,train
1333,synthetic,train
1334,synthetic,test
1335,synthetic,train
1336,synthetic,train
1337,synthetic,train
1338,synthetic,train
1339,synthetic,test
1340,synthetic,train
1341,synthetic,test
1342,synthetic,test
1343,synthetic,train
1344,synthetic,train
1345,synthetic,test
1346,synthetic,test
1347,synthetic,train
1348,synthetic,train
1349,synthetic,test
1350,synthetic,train
1351,synthetic,train
1352,synthetic,train
1353,synthetic,train
1354,synthetic,train
1355,synthetic,train
1356,synthetic,test
1357,synthetic,train
1358,synthetic,train
1359,synthetic,train
1360,synthetic,train
1361,synthetic,train
1362,synthetic,train
1363,synthetic,train
1364,synthetic,test
1365,synthetic,test
1366,synthetic,test
1367,synthetic,train
1368,synthetic,test
1369,synthetic,train
1370,synthetic,train
1371,synthetic,train
1372,synthetic,test
1373,synthetic,train
1374,synthetic,train
1375,synthetic,train
1376,synthetic,train
1377,synthetic,train
1378,synthetic,train
1379,synthetic,train
1380,synthetic,train
1381,synthetic,train
1382,synthetic,test
1383,synthetic,train
1384,synthetic,train
1385,synthetic,test
1386,synthetic,test
1387,synthetic,test
1388,synthetic,test
1389,synthetic,train
1390,synthetic,train
1391,synthetic,train
1392,synthetic,train
1393,synthetic,test
1394,synthetic,train
1395,synthetic,train
1396,synthetic,train
1397,synthetic,train
1398,synthetic,train
1399,synthetic,train
1400,synthetic,test
1401,synthetic,train
1402,synthetic,test
1403,synthetic,train
1404,synthetic,train
1405,synthetic,test
1406,synthetic,test
1407,synthetic,train
1408,synthetic,train
1409,synthetic,train
1410,synthetic,train
1411,synthetic,train
1412,synthetic,train
1413,synthetic,train
1414,synthetic,train
1415,synthetic,train
1416,synthetic,train
1417,synthetic,train
1418,synthetic,test
1419,synthetic,test
1420,synthetic,train
1421,synthetic,test
1422,synthetic,train
1423,synthetic,train
1424,synthetic,train
1425,synthetic,train
1426,synthetic,train
1427,synthetic,train
1428,synthetic,train
1429,synthetic,train
1430,synthetic,train
1431,synthetic,train
1432,synthetic,train
1433,synthetic,train
1434,synthetic,train
1435,synthetic,train
1436,synthetic,train
1437,synthetic,train
1438,synthetic,train
1439,synthetic,train
1440,synthetic,train
1441,synthetic,train
1442,synthetic,train
1443,synthetic,train
1444,synthetic,test
1445,synthetic,train
1446,synthetic,test
1447,synthetic,train
1448,synthetic,test
1449,synthetic,train
1450,synthetic,train
1451,synthetic,train
1452,synthetic,test
1453,synthetic,train
1454,synthetic,train
1455,synthetic,train
1456,synthetic,train
1457,synthetic,train
1458,synthetic,train
1459,synthetic,train
1460,synthetic,train
1461,synthetic,train
1462,synthetic,test
1463,synthetic,train
1464,synthetic,test
1465,synthetic,train
1466,synthetic,test
1467,synthetic,train
1468,synthetic,test
1469,synthetic,train
1470,synthetic,train
1471,synthetic,test
1472,synthetic,test
1473,synthetic,train
1474,synthetic,train
1475,synthetic,train
1476,synthetic,test
1477,synthetic,train
1478,synthetic,train
1479,synthetic,train
1480,synthetic,train
1481,synthetic,train
1482,synthetic,train
1483,synthetic,train
1484,synthetic,test
1485,synthetic,train
1486,synthetic,train
1487,synthetic,train
1488,synthetic,test
1489,synthetic,train
1490,synthetic,test
1491,synthetic,train
1492,synthetic,test
1493,synthetic,train
1494,synthetic,train
1495,synthetic,train
1496,synthetic,test
1497,synthetic,train
1498,synthetic,train
1499,synthetic,test
1500,synthetic,test
1501,synthetic,train
1502,synthetic,train
1503,synthetic,train
1504,synthetic,train
1505,synthetic,train
1506,synthetic,train
1507,synthetic,test
1508,synthetic,test
1509,synthetic,test
1510,synthetic,train
1511,synthetic,train
1512,synthetic,train
1513,synthetic,train
1514,synthetic,train
1515,synthetic,test
1516,synthetic,test
1517,synthetic,test
1518,synthetic,test
1519,synthetic,train
1520,synthetic,train
1521,synthetic,train
1522,synthetic,train
1523,synthetic,train
1524,synthetic,train
1525,synthetic,train
1526,synthetic,train
1527,synthetic,test
1528,synthetic,train
1529,synthetic,train
1530,synthetic,train
1531,synthetic,train
1532,synthetic,train
1533,synthetic,train
1534,synthetic,train
1535,synthetic,test
1536,synthetic,train
1537,synthetic,test
1538,synthetic,train
1539,synthetic,train
1540,synthetic,train
1541,synthetic,test
1542,synthetic,test
1543,synthetic,test
1544,synthetic,train
1545,synthetic,train
1546,synthetic,test
1547,synthetic,train
1548,synthetic,test
1549,synthetic,train
1550,synthetic,train
1551,synthetic,train
1552,synthetic,train
1553,synthetic,test
1554,synthetic,train
1555,synthetic,train
1556,synthetic,train
1557,synthetic,train
1558,synthetic,train
1559,synthetic,train
1560,synthetic,train
1561,synthetic,test
1562,synthetic,train
1563,synthetic,train
1564,synthetic,train
1565,synthetic,train
1566,synthetic,train
1567,synthetic,test
1568,synthetic,train
1569,synthetic,train
1570,synthetic,train
1571,synthetic,train
1572,synthetic,train
1573,synthetic,test
1574,synthetic,train
1575,synthetic,train
1576,synthetic,train
1577,synthetic,test
1578,synthetic,train
1579,synthetic,train
1580,synthetic,train
1581,synthetic,test
1582,synthetic,test
1583,synthetic,train
1584,synthetic,train
1585,synthetic,test
1586,synthetic,train
1587,synthetic,test
1588,synthetic,test
1589,synthetic,train
1590,synthetic,train
1591,synthetic,train
1592,synthetic,train
1593,synthetic,train
1594,synthetic,train
1595,synthetic,test
1596,synthetic,train
1597,synthetic,train
1598,synthetic,test
1599,synthetic,test
1600,synthetic,test
1601,synthetic,test
1602,synthetic,train
1603,synthetic,test
1604,synthetic,train
1605,synthetic,train
1606,synthetic,train
1607,synthetic,test
1608,synthetic,train
1609,synthetic,train
1610,synthetic,test
1611,synthetic,train
1612,synthetic,train
1613,synthetic,train
1614,synthetic,train
1615,synthetic,train
1616,synthetic,train
1617,synthetic,train
1618,synthetic,test
1619,synthetic,test
1620,synthetic,train
1621,synthetic,train
1622,synthetic,test
1623,synthetic,train
1624,synthetic,test
1625,synthetic,test
1626,synthetic,train
1627,synthetic,test
1628,synthetic,train
1629,synthetic,test
1630,synthetic,train
1631,synthetic,train
1632,synthetic,test
1633,synthetic,test
1634,synthetic,test
1635,synthetic,train
1636,synthetic,test
1637,synthetic,train
1638,synthetic,train
1639,synthetic,test
1640,synthetic,test
1641,synthetic,train
1642,synthetic,train
1643,synthetic,train
1644,synthetic,test
1645,synthetic,test
1646,synthetic,train
1647,synthetic,test
1648,synthetic,train
1649,synthetic,train
1650,synthetic,train
1651,synthetic,train
1652,synthetic,train
1653,synthetic,test
1654,synthetic,train
1655,synthetic,train
1656,synthetic,train
1657,synthetic,train
1658,synthetic,train
1659,synthetic,test
1660,synthetic,test
1661,synthetic,train
1662,synthetic,train
1663,synthetic,train
1664,synthetic,train
1665,synthetic,train
1666,synthetic,train
1667,synthetic,train
1668,synthetic,train
1669,synthetic,train
1670,synthetic,train
1671,synthetic,train
1672,synthetic,train
1673,synthetic,test
1674,synthetic,train
1675,synthetic,test
1676,synthetic,test
1677,synthetic,train
1678,synthetic,train
1679,synthetic,train
1680,synthetic,train
1681,synthetic,train
1682,synthetic,train
1683,synthetic,train
1684,synthetic,test
1685,synthetic,train
1686,synthetic,train
1687,synthetic,train
1688,synthetic,train
1689,synthetic,train
1690,synthetic,test
1691,synthetic,train
1692,synthetic,test
1693,synthetic,test
1694,synthetic,test
1695,synthetic,test
1696,synthetic,train
1697,synthetic,train
1698,synthetic,train
1699,synthetic,train
1700,synthetic,train
1701,synthetic,train
1702,synthetic,train
1703,synthetic,test
1704,synthetic,train
1705,synthetic,test
1706,synthetic,train
1707,synthetic,train
1708,synthetic,test
1709,synthetic,train
1710,synthetic,train
1711,synthetic,test
1712,synthetic,train
1713,synthetic,train
1714,synthetic,train
1715,synthetic,train
1716,synthetic,train
1717,synthetic,train
1718,synthetic,train
1719,synthetic,train
1720,synthetic,train
1721,synthetic,train
1722,synthetic,train
1723,synthetic,train
1724,synthetic,train
1725,synthetic,train
1726,synthetic,train
1727,synthetic,train
1728,synthetic,train
1729,synthetic,train
1730,synthetic,train
1731,synthetic,train
1732,synthetic,train
1733,synthetic,train
1734,synthetic,test
1735,synthetic,test
1736,synthetic,train
1737,synthetic,test
1738,synthetic,test
1739,synthetic,train
1740,synthetic,train
1741,synthetic,test
1742,synthetic,test
1743,synthetic,train
1744,synthetic,train
1745,synthetic,test
1746,synthetic,test
1747,synthetic,test
1748,synthetic,train
1749,synthetic,test
1750,synthetic,train
1751,synthetic,train
1752,synthetic,train
1753,synthetic,train
1754,synthetic,test
1755,synthetic,train
1756,synthetic,train
1757,synthetic,train
1758,synthetic,train
1759,synthetic,test
1760,synthetic,test
1761,synthetic,train
1762,synthetic,train
1763,synthetic,train
1764,synthetic,train
1765,synthetic,train
1766,synthetic,train
1767,synthetic,train
1768,synthetic,train
1769,synthetic,train
1770,synthetic,train
1771,synthetic,train
1772,synthetic,train
1773,synthetic,test
1774,synthetic,test
1775,synthetic,test
1776,synthetic,test
1777,synthetic,train
1778,synthetic,train
1779,synthetic,train
1780,synthetic,train
1781,synthetic,train
1782,synthetic,train
1783,synthetic,train
1784,synthetic,train
1785,synthetic,train
1786,synthetic,train
1787,synthetic,train
1788,synthetic,test
1789,synthetic,train
1790,synthetic,train
1791,synthetic,test
1792,synthetic,test
1793,synthetic,train
1794,synthetic,train
1795,synthetic,test
1796,synthetic,train
1797,synthetic,train
1798,synthetic,test
1799,synthetic,test
1800,synthetic,test
1801,synthetic,test
1802,synthetic,train
1803,synthetic,train
1804,synthetic,train
1805,synthetic,train
1806,synthetic,test
1807,synthetic,train
1808,synthetic,test
1809,synthetic,test
1810,synthetic,train
1811,synthetic,test
1812,synthetic,test
1813,synthetic,train
1814,synthetic,train
1815,synthetic,train
1816,synthetic,train
1817,synthetic,train
1818,synthetic,test
1819,synthetic,test
1820,synthetic,train
1821,synthetic,test
1822,synthetic,train
1823,synthetic,train
1824,synthetic,train
1825,synthetic,train
1826,synthetic,train
1827,synthetic,test
1828,synthetic,train
1829,synthetic,train
1830,synthetic,test
1831,synthetic,train
1832,synthetic,train
1833,synthetic,test
1834,synthetic,train
1835,synthetic,train
1836,synthetic,test
1837,synthetic,test
1838,synthetic,train
1839,synthetic,train
1840,synthetic,train
1841,synthetic,train
1842,synthetic,train
1843,synthetic,train
1844,synthetic,test
1845,synthetic,test
1846,synthetic,train
1847,synthetic,train
1848,synthetic,test
1849,synthetic,test
1850,synthetic,train
1851,synthetic,test
1852,synthetic,test
1853,synthetic,train
1854,synthetic,train
1855,synthetic,train
1856,synthetic,train
1857,synthetic,train
1858,synthetic,train
1859,synthetic,test
1860,synthetic,train
1861,synthetic,train
1862,synthetic,train
1863,synthetic,test
1864,synthetic,train
1865,synthetic,train
1866,synthetic,train
1867,synthetic,test
1868,synthetic,train
1869,synthetic,train
1870,synthetic,train
1871,synthetic,train
1872,synthetic,test
1873,synthetic,test
1874,synthetic,test
1875,synthetic,test
1876,synthetic,train
1877,synthetic,train
1878,synthetic,train
1879,synthetic,train
1880,synthetic,train
1881,synthetic,train
1882,synthetic,train
1883,synthetic,train
1884,synthetic,test
1885,synthetic,test
1886,synthetic,train
1887,synthetic,train
1888,synthetic,train
1889,synthetic,train
1890,synthetic,test
1891,synthetic,test
1892,synthetic,train
1893,synthetic,train
1894,synthetic,train
1895,synthetic,train
1896,synthetic,train
1897,synthetic,train
1898,synthetic,test
1899,synthetic,test
1900,synthetic,train
1901,synthetic,train
1902,synthetic,test
1903,synthetic,train
1904,synthetic,test
1905,synthetic,train
1906,synthetic,test
1907,synthetic,train
1908,synthetic,test
1909,synthetic,train
1910,synthetic,train
1911,synthetic,test
1912,synthetic,test
1913,synthetic,test
1914,synthetic,test
1915,synthetic,train
1916,synthetic,test
1917,synthetic,train
1918,synthetic,train
1919,synthetic,test
1920,synthetic,train
1921,synthetic,train
1922,synthetic,train
1923,synthetic,test
1924,synthetic,train
1925,synthetic,train
1926,synthetic,train
1927,synthetic,test
1928,synthetic,test
1929,synthetic,train
1930,synthetic,train
1931,synthetic,train
1932,synthetic,test
1933,synthetic,test
1934,synthetic,train
1935,synthetic,train
1936,synthetic,test
1937,synthetic,train
1938,synthetic,train
1939,synthetic,train
1940,synthetic,test
1941,synthetic,train
1942,synthetic,test
1943,synthetic,test
1944,synthetic,train
1945,synthetic,train
1946,synthetic,train
1947,synthetic,train
1948,synthetic,train
1949,synthetic,test
1950,synthetic,train
1951,synthetic,train
1952,synthetic,train
1953,synthetic,train
1954,synthetic,test
1955,synthetic,train
1956,synthetic,train
1957,synthetic,train
1958,synthetic,train
1959,synthetic,train
1960,synthetic,train
1961,synthetic,test
1962,synthetic,test
1963,synthetic,test
1964,synthetic,train
1965,synthetic,train
1966,synthetic,train
1967,synthetic,train
1968,synthetic,train
1969,synthetic,test
1970,synthetic,train
1971,synthetic,train
1972,synthetic,train
1973,synthetic,test
1974,synthetic,test
1975,synthetic,train
1976,synthetic,test
1977,synthetic,train
1978,synthetic,test
1979,synthetic,test
1980,synthetic,train
1981,synthetic,train
1982,synthetic,train
1983,synthetic,train
1984,synthetic,test
1985,synthetic,train
1986,synthetic,train
1987,synthetic,train
1988,synthetic,train
1989,synthetic,train
1990,synthetic,train
1991,synthetic,train
1992,synthetic,train
1993,synthetic,train
1994,synthetic,train
1995,synthetic,train
1996,synthetic,train
1997,synthetic,train
1998,synthetic,train
1999,synthetic,train
2000,synthetic,train
2001,synthetic,train
2002,synthetic,train
2003,synthetic,test
2004,synthetic,train
2005,synthetic,test
2006,synthetic,test
2007,synthetic,train
2008,synthetic,test
2009,synthetic,test
2010,synthetic,train
2011,synthetic,train
2012,synthetic,test
2013,synthetic,train
2014,synthetic,train
2015,synthetic,train
2016,synthetic,train
2017,synthetic,test
2018,synthetic,train
2019,synthetic,train
2020,synthetic,test
2021,synthetic,test
2022,synthetic,train
2023,synthetic,train
2024,synthetic,train
2025,synthetic,train
2026,synthetic,train
2027,synthetic,train
2028,synthetic,test
2029,synthetic,train
2030,synthetic,test
2031,synthetic,train
2032,synthetic,train
2033,synthetic,train
2034,synthetic,train
2035,synthetic,train
2036,synthetic,train
2037,synthetic,train
2038,synthetic,train
2039,synthetic,test
2040,synthetic,test
2041,synthetic,train
2042,synthetic,train
2043,synthetic,train
2044,synthetic,test
2045,synthetic,train
2046,synthetic,test
2047,synthetic,train
2048,synthetic,test
2049,synthetic,test
2050,synthetic,train
2051,synthetic,train
2052,synthetic,train
2053,synthetic,train
2054,synthetic,train
2055,synthetic,test
2056,synthetic,train
2057,synthetic,train
2058,synthetic,train
2059,synthetic,train
2060,synthetic,train
2061,synthetic,train
2062,synthetic,train
2063,synthetic,train
2064,synthetic,train
2065,synthetic,test
2066,synthetic,train
2067,synthetic,train
2068,synthetic,train
2069,synthetic,train
2070,synthetic,test
2071,synthetic,train
2072,synthetic,train
2073,synthetic,train
2074,synthetic,train
2075,synthetic,train
2076,synthetic,test
2077,synthetic,train
2078,synthetic,test
2079,synthetic,train
2080,synthetic,train
2081,synthetic,test
2082,synthetic,train
2083,synthetic,train
2084,synthetic,train
2085,synthetic,test
2086,synthetic,train
2087,synthetic,train
2088,synthetic,test
2089,synthetic,test
2090,synthetic,train
2091,synthetic,train
2092,synthetic,test
2093,synthetic,test
2094,synthetic,train
2095,synthetic,train
2096,synthetic,test
2097,synthetic,train
2098,synthetic,train
2099,synthetic,train
2100,synthetic,train
2101,synthetic,train
2102,synthetic,train
2103,synthetic,train
2104,synthetic,test
2105,synthetic,train
2106,synthetic,train
2107,synthetic,train
2108,synthetic,train
2109,synthetic,test
2110,synthetic,test
2111,synthetic,train
2112,synthetic,train
2113,synthetic,test
2114,synthetic,train
2115,synthetic,test
2116,synthetic,train
2117,synthetic,train
2118,synthetic,train
2119,synthetic,train
2120,synthetic,train
2121,synthetic,train
2122,synthetic,train
2123,synthetic,train
2124,synthetic,train
2125,synthetic,test
2126,synthetic,test
2127,synthetic,train
2128,synthetic,train
2129,synthetic,train
2130,synthetic,test
2131,synthetic,train
2132,synthetic,train
2133,synthetic,train
2134,synthetic,test
2135,synthetic,train
2136,synthetic,train
2137,synthetic,train
2138,synthetic,test
2139,synthetic,train
2140,synthetic,test
2141,synthetic,train
2142,synthetic,train
2143,synthetic,train
2144,synthetic,train
2145,synthetic,train
2146,synthetic,train
2147,synthetic,train
2148,synthetic,train
2149,synthetic,test
2150,synthetic,train
2151,synthetic,test
2152,synthetic,train
2153,synthetic,train
2154,synthetic,train
2155,synthetic,test
2156,synthetic,train
2157,synthetic,train
2158,synthetic,train
2159,synthetic,test
2160,synthetic,train
2161,synthetic,train
2162,synthetic,train
2163,synthetic,train
2164,synthetic,train
2165,synthetic,train
2166,synthetic,train
2167,synthetic,train
2168,synthetic,test
2169,synthetic,train
2170,synthetic,train
2171,synthetic,test
2172,synthetic,train
2173,synthetic,train
2174,synthetic,test
2175,synthetic,train
2176,synthetic,train
2177,synthetic,train
2178,synthetic,train
2179,synthetic,train
2180,synthetic,test
2181,synthetic,train
2182,synthetic,test
2183,synthetic,train
2184,synthetic,train
2185,synthetic,test
2186,synthetic,train
2187,synthetic,test
2188,synthetic,train
2189,synthetic,test
2190,synthetic,train
2191,synthetic,train
2192,synthetic,train
2193,synthetic,train
2194,synthetic,test
2195,synthetic,test
2196,synthetic,train
2197,synthetic,train
2198,synthetic,train
2199,synthetic,test
2200,synthetic,test
2201,synthetic,test
2202,synthetic,train
2203,synthetic,test
2204,synthetic,train
2205,synthetic,train
2206,synthetic,train
2207,synthetic,test
2208,synthetic,train
2209,synthetic,train
2210,synthetic,test
2211,synthetic,train
2212,synthetic,test
2213,synthetic,train
2214,synthetic,train
2215,synthetic,train
2216,synthetic,test
2217,synthetic,test
2218,synthetic,train
2219,synthetic,train
2220,synthetic,train
2221,synthetic,test
2222,synthetic,train
2223,synthetic,test
2224,synthetic,test
2225,synthetic,train
2226,synthetic,train
2227,synthetic,test
2228,synthetic,train
2229,synthetic,train
2230,synthetic,train
2231,synthetic,train
2232,synthetic,train
2233,synthetic,train
2234,synthetic,train
2235,synthetic,train
2236,synthetic,test
2237,synthetic,test
2238,synthetic,train
2239,synthetic,train
2240,synthetic,train
2241,synthetic,train
2242,synthetic,train
2243,synthetic,test
2244,synthetic,train
2245,synthetic,train
2246,synthetic,train
2247,synthetic,train
2248,synthetic,train
2249,synthetic,test
2250,synthetic,train
2251,synthetic,train
2252,synthetic,train
2253,synthetic,train
2254,synthetic,train
2255,synthetic,train
2256,synthetic,train
2257,synthetic,train
2258,synthetic,train
2259,synthetic,train
2260,synthetic,train
2261,synthetic,train
2262,synthetic,test
2263,synthetic,test
2264,synthetic,train
2265,synthetic,test
2266,synthetic,train
2267,synthetic,train
2268,synthetic,train
2269,synthetic,train
2270,synthetic,train
2271,synthetic,test
2272,synthetic,train
2273,synthetic,test
2274,synthetic,test
2275,synthetic,train
2276,synthetic,train
2277,synthetic,train
2278,synthetic,test
2279,synthetic,test
2280,synthetic,train
2281,synthetic,test
2282,synthetic,test
2283,synthetic,train
2284,synthetic,train
2285,synthetic,train
2286,synthetic,test
2287,synthetic,test
2288,synthetic,train
2289,synthetic,test
2290,synthetic,train
2291,synthetic,train
2292,synthetic,train
2293,synthetic,train
2294,synthetic,train
2295,synthetic,train
2296,synthetic,train
2297,synthetic,train
2298,synthetic,train
2299,synthetic,test
2300,synthetic,train
2301,synthetic,test
2302,synthetic,train
2303,synthetic,train
2304,synthetic,train
2305,synthetic,train
2306,synthetic,test
2307,synthetic,train
2308,synthetic,test
2309,synthetic,test
2310,synthetic,test
2311,synthetic,train
2312,synthetic,test
2313,synthetic,train
2314,synthetic,test
2315,synthetic,train
2316,synthetic,train
2317,synthetic,train
2318,synthetic,train
2319,synthetic,train
2320,synthetic,test
2321,synthetic,train
2322,synthetic,train
2323,synthetic,train
2324,synthetic,test
2325,synthetic,test
2326,synthetic,test
2327,synthetic,test
2328,synthetic,test
2329,synthetic,train
2330,synthetic,train
2331,synthetic,train
2332,synthetic,train
2333,synthetic,train
2334,synthetic,train
2335,synthetic,train
2336,synthetic,test
2337,synthetic,train
2338,synthetic,train
2339,synthetic,train
2340,synthetic,train
2341,synthetic,train
2342,synthetic,test
2343,synthetic,train
2344,synthetic,train
2345,synthetic,train
2346,synthetic,test
2347,synthetic,train
2348,synthetic,train
2349,synthetic,train
2350,synthetic,train
2351,synthetic,train
2352,synthetic,train
2353,synthetic,train
2354,synthetic,train
2355,synthetic,train
2356,synthetic,test
2357,synthetic,train
2358,synthetic,test
2359,synthetic,train
2360,synthetic,test
2361,synthetic,train
2362,synthetic,train
2363,synthetic,train
2364,synthetic,train
2365,synthetic,train
2366,synthetic,train
2367,synthetic,train
2368,synthetic,test
2369,synthetic,test
2370,synthetic,test
2371,synthetic,test
2372,synthetic,train
2373,synthetic,test
2374,synthetic,test
2375,synthetic,test
2376,synthetic,test
2377,synthetic,test
2378,synthetic,train
2379,synthetic,test
2380,synthetic,train
2381,synthetic,train
2382,synthetic,test
2383,synthetic,train
2384,synthetic,test
2385,synthetic,test
2386,synthetic,test
2387,synthetic,train
2388,synthetic,test
2389,synthetic,test
2390,synthetic,test
2391,synthetic,train
2392,synthetic,test
2393,synthetic,train
2394,synthetic,test
2395,synthetic,train
2396,synthetic,train
2397,synthetic,train
2398,synthetic,train
2399,synthetic,train
2400,synthetic,train
2401,synthetic,train
2402,synthetic,test
2403,synthetic,train
2404,synthetic,train
2405,synthetic,train
2406,synthetic,train
2407,synthetic,test
2408,synthetic,test
2409,synthetic,test
2410,synthetic,train
2411,synthetic,test
2412,synthetic,train
2413,synthetic,train
2414,synthetic,train
2415,synthetic,train
2416,synthetic,test
2417,synthetic,test
2418,synthetic,train
2419,synthetic,test
2420,synthetic,train
2421,synthetic,train
2422,synthetic,train
2423,synthetic,train
2424,synthetic,train
2425,synthetic,train
2426,synthetic,train
2427,synthetic,test
2428,synthetic,train
2429,synthetic,train
2430,synthetic,train
2431,synthetic,train
2432,synthetic,train
2433,synthetic,train
2434,synthetic,test
2435,synthetic,train
